,filename,xGeo,yGeo,conf,class_id
0,Window_220_5.jpg,757482.3795721596,6267301.155545681,0.6944378614425659,0
1,Window_219_6.jpg,757482.4122527903,6267301.228934049,0.7036616206169128,0
2,Window_220_6.jpg,757482.4015424317,6267301.189908653,0.6844010353088379,0
3,Window_211_12.jpg,757461.3608104652,6267283.593821793,0.48850932717323303,0
4,Window_212_12.jpg,757461.290305025,6267283.561102121,0.28813228011131287,0
5,Window_214_12.jpg,757467.746012873,6267285.7322838595,0.5136911273002625,0
6,Window_210_13.jpg,757460.2888650363,6267281.983291178,0.2525307536125183,0
7,Window_210_14.jpg,757460.2658215826,6267281.941056146,0.2957063913345337,0
8,Window_231_17.jpg,757510.6192991799,6267272.1387007525,0.26480603218078613,0
9,Window_231_18.jpg,757510.5936045116,6267272.13934262,0.3649612069129944,0
10,Window_232_18.jpg,757512.1625412172,6267269.884584217,0.2823043763637543,0
11,Window_231_19.jpg,757512.670531637,6267267.677506178,0.6818474531173706,0
12,Window_232_19.jpg,757512.6545185512,6267267.689754634,0.6740372776985168,0
13,Window_236_19.jpg,757522.39873699,6267266.531033187,0.5907328724861145,0
14,Window_237_19.jpg,757523.3903399119,6267269.974528893,0.27580007910728455,0
15,Window_203_20.jpg,757440.2650382286,6267264.055857926,0.7246270775794983,0
16,Window_231_20.jpg,757512.6675219005,6267267.683283209,0.7116990685462952,0
17,Window_235_20.jpg,757522.4163139528,6267266.567795693,0.6535331606864929,0
18,Window_236_20.jpg,757522.3868956333,6267266.550523012,0.6816462874412537,0
19,Window_237_20.jpg,757527.9341865247,6267264.943169325,0.33188140392303467,0
20,Window_238_20.jpg,757527.1169610983,6267264.3973684,0.37054064869880676,0
21,Window_202_21.jpg,757440.2601203984,6267264.05422297,0.7078924179077148,0
22,Window_203_21.jpg,757440.2638048595,6267264.049429118,0.70449298620224,0
23,Window_237_21.jpg,757527.1304166978,6267264.38419786,0.35791414976119995,0
24,Window_194_25.jpg,757418.2299282318,6267251.905691891,0.5846042633056641,0
25,Window_195_25.jpg,757421.8820495075,6267253.173201351,0.6365702152252197,0
26,Window_196_25.jpg,757421.8604517644,6267253.170820146,0.56702721118927,0
27,Window_194_26.jpg,757418.2137418455,6267251.926746785,0.3757946193218231,0
28,Window_190_31.jpg,757409.2714870637,6267239.934406324,0.3925798833370209,0
29,Window_191_31.jpg,757409.2609879291,6267239.9351088395,0.5211097598075867,0
30,Window_191_32.jpg,757408.5729606552,6267235.661087005,0.4525511860847473,0
31,Window_254_43.jpg,757567.6179780727,6267207.659823268,0.3186090588569641,0
32,Window_253_44.jpg,757566.3368714517,6267205.005240708,0.5487775206565857,0
33,Window_254_44.jpg,757566.2938353708,6267205.028403669,0.3302357792854309,0
34,Window_253_45.jpg,757566.3122791713,6267204.988104074,0.6222345232963562,0
35,Window_254_45.jpg,757566.2943418613,6267204.992637753,0.5886361598968506,0
36,Window_255_45.jpg,757568.5805407828,6267200.878033011,0.46391502022743225,0
37,Window_195_46.jpg,757423.1138244933,6267199.443125992,0.36416634917259216,0
38,Window_220_46.jpg,757484.7839716738,6267198.439380198,0.2701686918735504,0
39,Window_256_46.jpg,757571.284370414,6267202.2284522345,0.4007052779197693,0
40,Window_185_47.jpg,757396.027160353,6267199.681939154,0.4958985447883606,0
41,Window_196_48.jpg,757424.6959210103,6267195.24841842,0.538001298904419,0
42,Window_197_48.jpg,757424.7079571253,6267195.258431404,0.4512290954589844,0
43,Window_255_49.jpg,757571.0069263643,6267192.728396921,0.2870215177536011,0
44,Window_256_49.jpg,757571.0441663405,6267192.758382528,0.4911136329174042,0
45,Window_238_50.jpg,757527.652386493,6267188.647622435,0.40369027853012085,0
46,Window_242_50.jpg,757540.3239402836,6267190.008993416,0.7491158843040466,0
47,Window_243_50.jpg,757540.3204233116,6267190.015709369,0.6606647372245789,0
48,Window_245_50.jpg,757543.5082935458,6267190.378964215,0.2783639430999756,0
49,Window_246_50.jpg,757548.2295001214,6267191.455738365,0.3901120722293854,0
50,Window_187_51.jpg,757400.9393764203,6267186.978066831,0.546674907207489,0
51,Window_188_51.jpg,757400.9659542991,6267186.9879045775,0.5746173858642578,0
52,Window_221_51.jpg,757483.5594922407,6267189.549130767,0.29776859283447266,0
53,Window_238_51.jpg,757527.6543509131,6267188.665157526,0.46355560421943665,0
54,Window_241_51.jpg,757535.1383251613,6267188.288229971,0.5143661499023438,0
55,Window_242_51.jpg,757540.3150499528,6267190.0510123065,0.7824115753173828,0
56,Window_243_51.jpg,757540.3010285562,6267190.06611359,0.7365986704826355,0
57,Window_188_52.jpg,757400.9683519704,6267186.989811032,0.41871294379234314,0
58,Window_203_52.jpg,757441.9295579856,6267183.435094624,0.4367714524269104,0
59,Window_221_52.jpg,757488.0993265575,6267185.373732715,0.286884069442749,0
60,Window_239_52.jpg,757528.4085964514,6267183.504326313,0.42652425169944763,0
61,Window_204_53.jpg,757441.9335762328,6267183.3988898685,0.6497536301612854,0
62,Window_224_53.jpg,757493.8951814836,6267182.284378379,0.6289610862731934,0
63,Window_239_53.jpg,757528.3981488748,6267183.443850993,0.5419342517852783,0
64,Window_272_53.jpg,757614.8397377795,6267182.231061428,0.6853193044662476,0
65,Window_273_53.jpg,757614.8333000308,6267182.2265654495,0.7531256675720215,0
66,Window_182_54.jpg,757385.8900044402,6267179.268205433,0.48363184928894043,0
67,Window_224_54.jpg,757493.8759586876,6267182.281826331,0.7435435652732849,0
68,Window_225_54.jpg,757493.8776045954,6267182.2782104155,0.7763922214508057,0
69,Window_272_54.jpg,757614.8492077654,6267182.223762988,0.6421607136726379,0
70,Window_273_54.jpg,757614.84332434,6267182.218142941,0.742077648639679,0
71,Window_182_55.jpg,757385.8908833107,6267179.303762733,0.45542165637016296,0
72,Window_245_55.jpg,757546.3581968015,6267176.185846298,0.27568668127059937,0
73,Window_246_55.jpg,757546.3407039186,6267176.2297528675,0.25329259037971497,0
74,Window_262_55.jpg,757590.5021495288,6267180.314872681,0.5804685950279236,0
75,Window_207_56.jpg,757450.8960816925,6267173.403771191,0.6994699835777283,0
76,Window_208_56.jpg,757451.0039928844,6267173.4294295,0.49090442061424255,0
77,Window_209_56.jpg,757457.8363261288,6267175.701749145,0.2715940773487091,0
78,Window_210_56.jpg,757457.9133618539,6267175.7299862495,0.415732741355896,0
79,Window_214_56.jpg,757468.4769833749,6267175.446531444,0.31718456745147705,0
80,Window_215_56.jpg,757468.5005224785,6267175.443491011,0.3536682724952698,0
81,Window_245_56.jpg,757546.6214502519,6267174.899072616,0.7281589508056641,0
82,Window_246_56.jpg,757546.6377697056,6267174.884284406,0.7495218515396118,0
83,Window_263_56.jpg,757589.1981503284,6267175.870524316,0.5973586440086365,0
84,Window_264_56.jpg,757594.210586316,6267175.0082161715,0.7780457735061646,0
85,Window_265_56.jpg,757594.2304923302,6267175.006800263,0.734082818031311,0
86,Window_273_56.jpg,757616.2635541623,6267174.80777201,0.3744928538799286,0
87,Window_214_57.jpg,757468.5143498247,6267175.448499403,0.2568926215171814,0
88,Window_245_57.jpg,757546.6283772057,6267174.852444797,0.6457144618034363,0
89,Window_246_57.jpg,757546.6454022294,6267174.857967912,0.6786147356033325,0
90,Window_262_57.jpg,757589.1909945672,6267175.541052862,0.2534372806549072,0
91,Window_263_57.jpg,757590.8348239129,6267171.945294111,0.7698239088058472,0
92,Window_264_57.jpg,757594.2164749568,6267174.994750663,0.7471795082092285,0
93,Window_273_57.jpg,757616.2515986627,6267174.776985093,0.4813787341117859,0
94,Window_209_58.jpg,757455.0179233318,6267168.439011841,0.34806299209594727,0
95,Window_263_58.jpg,757590.8313200539,6267171.965542032,0.7946057319641113,0
96,Window_264_58.jpg,757590.9921763754,6267171.979943185,0.46336910128593445,0
97,Window_209_59.jpg,757455.8854857748,6267167.9280736735,0.3763100504875183,0
98,Window_210_59.jpg,757458.6066345042,6267167.500371306,0.7266075015068054,0
99,Window_211_59.jpg,757458.6196385613,6267167.481632202,0.7688406109809875,0
100,Window_225_59.jpg,757496.8750861948,6267166.67970088,0.31869226694107056,0
101,Window_292_59.jpg,757663.7771297162,6267167.266646891,0.4255107045173645,0
102,Window_293_59.jpg,757663.7588411113,6267167.258871763,0.6130589842796326,0
103,Window_209_60.jpg,757455.8733088439,6267167.90213146,0.4328208267688751,0
104,Window_210_60.jpg,757458.6006311243,6267167.52781552,0.7910255789756775,0
105,Window_211_60.jpg,757458.6290065488,6267167.505694597,0.7925523519515991,0
106,Window_228_60.jpg,757503.1221184796,6267165.332678228,0.39809906482696533,0
107,Window_292_60.jpg,757663.7755573457,6267167.2907538405,0.5372647643089294,0
108,Window_293_60.jpg,757663.7587388521,6267167.278478934,0.5152785778045654,0
109,Window_212_61.jpg,757464.0036884611,6267161.865971654,0.7462788224220276,0
110,Window_213_61.jpg,757464.0307073211,6267161.873091429,0.7420080304145813,0
111,Window_228_61.jpg,757503.0597232943,6267165.353710658,0.4142398238182068,0
112,Window_212_62.jpg,757464.0234536594,6267161.895934164,0.7513099312782288,0
113,Window_213_62.jpg,757464.0345372176,6267161.894379227,0.7586277723312378,0
114,Window_224_62.jpg,757495.465886957,6267160.621083646,0.509432852268219,0
115,Window_225_62.jpg,757498.1018239921,6267158.812491863,0.2763887047767639,0
116,Window_226_62.jpg,757498.3726233905,6267158.803289502,0.4445647597312927,0
117,Window_227_62.jpg,757498.4984666398,6267158.865768581,0.3222312927246094,0
118,Window_228_62.jpg,757505.121395058,6267158.507337539,0.3502088785171509,0
119,Window_225_63.jpg,757498.1087285941,6267158.829101144,0.2900678813457489,0
120,Window_226_63.jpg,757498.39284069,6267158.820772736,0.3463830053806305,0
121,Window_228_63.jpg,757505.1126102274,6267158.424963175,0.3267940580844879,0
122,Window_229_63.jpg,757505.0811368888,6267158.396081149,0.49106407165527344,0
123,Window_234_63.jpg,757517.8930217689,6267158.522071957,0.3707451820373535,0
124,Window_235_63.jpg,757518.3781928858,6267158.66518107,0.3684154748916626,0
125,Window_274_63.jpg,757619.5779449409,6267156.012052565,0.5376039743423462,0
126,Window_275_63.jpg,757618.5399314305,6267158.20370075,0.32054728269577026,0
127,Window_275_64.jpg,757620.0500958329,6267153.5434493115,0.3134159743785858,0
128,Window_211_65.jpg,757459.2887280053,6267150.8340722015,0.3415810167789459,0
129,Window_221_65.jpg,757483.4550724095,6267152.252189486,0.25932779908180237,0
130,Window_270_65.jpg,757607.5945202177,6267152.873471647,0.38819801807403564,0
131,Window_177_66.jpg,757373.5024680486,6267148.472668498,0.30111172795295715,0
132,Window_221_66.jpg,757483.4630790642,6267152.229135527,0.37690603733062744,0
133,Window_223_66.jpg,757492.2769556111,6267150.251526802,0.5047542452812195,0
134,Window_224_66.jpg,757492.2859126991,6267150.245600014,0.4006679356098175,0
135,Window_270_66.jpg,757606.0690235822,6267150.595959394,0.47549140453338623,0
136,Window_177_67.jpg,757373.5549995964,6267148.443028151,0.2871708571910858,0
137,Window_270_67.jpg,757608.9067644542,6267147.758987515,0.7557598352432251,0
138,Window_271_67.jpg,757608.9833746767,6267147.715212672,0.7985130548477173,0
139,Window_178_68.jpg,757380.1993376678,6267145.012238889,0.2513711154460907,0
140,Window_179_68.jpg,757380.1979892617,6267145.017453997,0.3651198148727417,0
141,Window_212_68.jpg,757463.8961917823,6267144.744098752,0.26207536458969116,0
142,Window_270_68.jpg,757608.9243004387,6267147.786727442,0.8260703682899475,0
143,Window_178_69.jpg,757380.1968572205,6267145.082006461,0.3255188763141632,0
144,Window_179_69.jpg,757380.2245166069,6267145.072050809,0.2791588306427002,0
145,Window_180_69.jpg,757381.9704236006,6267144.120815068,0.36842113733291626,0
146,Window_224_69.jpg,757495.4670766657,6267141.183545559,0.3501419425010681,0
147,Window_225_69.jpg,757495.5741659468,6267141.156941622,0.6385722160339355,0
148,Window_226_69.jpg,757495.9119074428,6267141.141573756,0.3545295298099518,0
149,Window_289_69.jpg,757658.101348645,6267142.841712206,0.26104971766471863,0
150,Window_174_70.jpg,757370.5772594279,6267141.297479241,0.2748517394065857,0
151,Window_175_70.jpg,757372.5278098052,6267138.424410193,0.25427162647247314,0
152,Window_176_70.jpg,757372.555268622,6267138.366032808,0.34201011061668396,0
153,Window_177_70.jpg,757377.371672458,6267142.641821994,0.547781229019165,0
154,Window_178_70.jpg,757380.5044630831,6267140.470444827,0.5796149969100952,0
155,Window_182_70.jpg,757390.601027674,6267142.244314521,0.36558064818382263,0
156,Window_224_70.jpg,757495.4887340134,6267141.151486455,0.30427229404449463,0
157,Window_225_70.jpg,757495.5932728117,6267141.106033145,0.6719248294830322,0
158,Window_226_70.jpg,757495.8937847624,6267141.136428087,0.26067057251930237,0
159,Window_277_70.jpg,757625.524929828,6267138.380598693,0.33983415365219116,0
160,Window_211_71.jpg,757459.2852976834,6267139.695126533,0.4190058708190918,0
161,Window_214_71.jpg,757469.5748046702,6267137.704601555,0.7079243659973145,0
162,Window_215_71.jpg,757469.5957352882,6267137.693927853,0.7686907649040222,0
163,Window_187_72.jpg,757399.762467063,6267134.101883142,0.4571731388568878,0
164,Window_214_72.jpg,757469.5837140745,6267137.702289677,0.5612393617630005,0
165,Window_215_72.jpg,757469.614287979,6267137.702924951,0.4842676520347595,0
166,Window_216_72.jpg,757471.9624549812,6267134.956444471,0.25105783343315125,0
167,Window_158_73.jpg,757329.2329341834,6267132.444204955,0.44909390807151794,0
168,Window_159_73.jpg,757330.8291301792,6267131.651913493,0.6773322820663452,0
169,Window_178_73.jpg,757375.8835020391,6267131.195069521,0.32164016366004944,0
170,Window_215_73.jpg,757471.9587806528,6267134.949580549,0.355770081281662,0
171,Window_216_73.jpg,757470.9411122939,6267133.4505921295,0.36750027537345886,0
172,Window_269_73.jpg,757603.5826553693,6267135.13636653,0.2544512450695038,0
173,Window_277_73.jpg,757626.641521222,6267132.048055797,0.25736942887306213,0
174,Window_159_74.jpg,757330.835428304,6267131.684068858,0.7432975769042969,0
175,Window_160_74.jpg,757330.9807437761,6267131.684136062,0.7111194729804993,0
176,Window_161_74.jpg,757335.2987608975,6267129.78110668,0.356313019990921,0
177,Window_170_74.jpg,757359.4550201958,6267129.6411254695,0.49109315872192383,0
178,Window_171_74.jpg,757359.402916423,6267129.633425145,0.4678262770175934,0
179,Window_178_74.jpg,757375.8783490127,6267131.205865114,0.3194936513900757,0
180,Window_187_74.jpg,757402.5145707196,6267130.630230873,0.36082354187965393,0
181,Window_188_74.jpg,757402.532079882,6267130.632944672,0.6774787306785583,0
182,Window_208_74.jpg,757454.0060488051,6267130.122805207,0.28749051690101624,0
183,Window_211_74.jpg,757461.0122711128,6267130.355589955,0.4971308708190918,0
184,Window_160_75.jpg,757335.2950946158,6267129.750119119,0.6941295862197876,0
185,Window_161_75.jpg,757335.3053215807,6267129.741505577,0.5879653096199036,0
186,Window_170_75.jpg,757359.4828800028,6267129.615575417,0.6067216992378235,0
187,Window_171_75.jpg,757359.4350419855,6267129.581831886,0.5176746845245361,0
188,Window_208_75.jpg,757454.0183047121,6267130.1196991345,0.5116984844207764,0
189,Window_209_75.jpg,757453.9791031843,6267130.110384456,0.3469410240650177,0
190,Window_211_75.jpg,757461.0003635949,6267130.281816839,0.5151927471160889,0
191,Window_287_75.jpg,757652.192016012,6267126.429823308,0.2714570462703705,0
192,Window_288_75.jpg,757652.180980212,6267126.430423825,0.29389503598213196,0
193,Window_287_76.jpg,757651.9709459608,6267124.823840528,0.5706505179405212,0
194,Window_288_76.jpg,757651.949716798,6267124.831694632,0.6316988468170166,0
195,Window_170_77.jpg,757358.326739437,6267125.445541597,0.6573655009269714,0
196,Window_171_77.jpg,757358.4741575746,6267125.415390867,0.3927127420902252,0
197,Window_214_77.jpg,757469.8378346032,6267121.675087779,0.8451093435287476,0
198,Window_215_77.jpg,757469.8721321588,6267121.675861149,0.7906222343444824,0
199,Window_256_77.jpg,757574.7344285911,6267121.545187204,0.2693805992603302,0
200,Window_257_77.jpg,757574.7174977427,6267121.545578211,0.29644864797592163,0
201,Window_287_77.jpg,757651.9989905423,6267124.775953784,0.5683835744857788,0
202,Window_288_77.jpg,757651.9696219927,6267124.772316038,0.5819392800331116,0
203,Window_172_78.jpg,757362.6817833548,6267119.18451932,0.4036446511745453,0
204,Window_173_78.jpg,757364.8677549427,6267122.658821388,0.6465446949005127,0
205,Window_214_78.jpg,757469.8449662989,6267121.688646941,0.8294914364814758,0
206,Window_215_78.jpg,757469.8660536772,6267121.695123284,0.7722488045692444,0
207,Window_256_78.jpg,757573.0652571386,6267119.677580564,0.5868456959724426,0
208,Window_257_78.jpg,757573.6549837058,6267120.992057889,0.32551321387290955,0
209,Window_267_78.jpg,757603.0680287546,6267119.970989495,0.3176773488521576,0
210,Window_165_79.jpg,757345.7141498392,6267117.442865341,0.4927009344100952,0
211,Window_166_79.jpg,757346.7806286281,6267116.5193977645,0.4535772502422333,0
212,Window_171_79.jpg,757362.6736847227,6267119.177211194,0.2584317922592163,0
213,Window_172_79.jpg,757362.6898165708,6267119.165088355,0.42489010095596313,0
214,Window_256_79.jpg,757573.081778503,6267119.6498776665,0.4287850260734558,0
215,Window_267_79.jpg,757603.0642140573,6267119.946767806,0.4331006109714508,0
216,Window_149_80.jpg,757305.9657106465,6267114.625534683,0.5872091054916382,0
217,Window_150_80.jpg,757306.0423023729,6267114.632557898,0.6181566119194031,0
218,Window_151_80.jpg,757312.3599005407,6267114.950989752,0.7224261164665222,0
219,Window_152_80.jpg,757312.3628973132,6267114.962368279,0.6671593189239502,0
220,Window_165_80.jpg,757346.793665058,6267116.527435749,0.5028831362724304,0
221,Window_166_80.jpg,757346.7711871034,6267116.539304524,0.4176180958747864,0
222,Window_275_80.jpg,757621.214054293,6267116.8130851975,0.3685262203216553,0
223,Window_302_80.jpg,757686.0436854986,6267114.936681955,0.28806403279304504,0
224,Window_148_81.jpg,757305.3857461279,6267113.243300884,0.6784922480583191,0
225,Window_149_81.jpg,757305.5383712715,6267113.26486659,0.6049397587776184,0
226,Window_150_81.jpg,757305.9642532757,6267113.208596676,0.5075341463088989,0
227,Window_151_81.jpg,757312.3596636122,6267114.946461513,0.6756033301353455,0
228,Window_152_81.jpg,757312.3705359465,6267114.933297603,0.6931519508361816,0
229,Window_154_81.jpg,757316.3616430676,6267113.016786545,0.3444967567920685,0
230,Window_166_81.jpg,757345.9551005168,6267114.5653303405,0.3050896227359772,0
231,Window_167_81.jpg,757351.4583695596,6267113.011603921,0.7457207441329956,0
232,Window_168_81.jpg,757351.4680319941,6267113.031117289,0.7282839417457581,0
233,Window_174_81.jpg,757366.3085430032,6267112.211521237,0.48822319507598877,0
234,Window_200_81.jpg,757431.9812808847,6267111.750027805,0.33724403381347656,0
235,Window_150_82.jpg,757310.4027429884,6267110.314186483,0.5327896475791931,0
236,Window_151_82.jpg,757310.4063285058,6267110.338663726,0.6473409533500671,0
237,Window_168_82.jpg,757351.4729149556,6267112.947774443,0.662934422492981,0
238,Window_169_82.jpg,757354.3055493301,6267109.817390709,0.6433724164962769,0
239,Window_174_82.jpg,757369.4168109363,6267108.512298136,0.5826167464256287,0
240,Window_199_82.jpg,757432.012140519,6267111.7931435695,0.30140653252601624,0
241,Window_200_82.jpg,757431.9692805326,6267111.770051687,0.3195151090621948,0
242,Window_264_82.jpg,757593.647773928,6267109.743091135,0.4924781024456024,0
243,Window_265_82.jpg,757593.6617547562,6267109.88259372,0.29683634638786316,0
244,Window_286_82.jpg,757646.0180635108,6267108.809287815,0.30422714352607727,0
245,Window_292_82.jpg,757663.2807160085,6267111.529990404,0.35515403747558594,0
246,Window_150_83.jpg,757310.4233527845,6267110.327608108,0.6381930112838745,0
247,Window_169_83.jpg,757354.335821039,6267109.805170341,0.6517981886863708,0
248,Window_170_83.jpg,757359.9309781855,6267106.016529172,0.6217676997184753,0
249,Window_171_83.jpg,757359.9193914896,6267106.0150506785,0.5323920249938965,0
250,Window_174_83.jpg,757369.5287189549,6267108.369422971,0.6521775722503662,0
251,Window_244_83.jpg,757543.8704857891,6267107.222318917,0.5525794625282288,0
252,Window_245_83.jpg,757543.826186276,6267107.217885523,0.5989899635314941,0
253,Window_257_83.jpg,757573.3909953395,6267106.31201294,0.25927984714508057,0
254,Window_264_83.jpg,757593.631231851,6267109.648575976,0.4449736177921295,0
255,Window_265_83.jpg,757593.693971551,6267109.759647368,0.2639314532279968,0
256,Window_144_84.jpg,757294.5067173904,6267104.424200325,0.49318498373031616,0
257,Window_145_84.jpg,757294.5422103172,6267104.425751536,0.3701677918434143,0
258,Window_170_84.jpg,757360.0324840015,6267105.90472263,0.6221317648887634,0
259,Window_171_84.jpg,757360.0124002164,6267105.902183919,0.688355565071106,0
260,Window_175_84.jpg,757370.4057038492,6267106.262180029,0.6076288223266602,0
261,Window_245_84.jpg,757543.8662557965,6267107.263583287,0.6692630052566528,0
262,Window_256_84.jpg,757573.996641106,6267104.553302496,0.494811475276947,0
263,Window_263_84.jpg,757592.0224005645,6267105.452685921,0.419707328081131,0
264,Window_264_84.jpg,757591.9554950213,6267105.437401204,0.4862382709980011,0
265,Window_292_84.jpg,757662.4448481863,6267105.241084664,0.25990530848503113,0
266,Window_144_85.jpg,757294.5095423525,6267104.442963793,0.5042251348495483,0
267,Window_171_85.jpg,757360.4823743468,6267101.137579053,0.456030011177063,0
268,Window_256_85.jpg,757573.9648214644,6267104.560679688,0.4877827763557434,0
269,Window_290_85.jpg,757655.9542252226,6267104.123696654,0.332167387008667,0
270,Window_292_85.jpg,757662.4288134938,6267105.285114243,0.32969537377357483,0
271,Window_302_85.jpg,757685.9120715698,6267102.840175002,0.32095035910606384,0
272,Window_216_86.jpg,757471.0107272221,6267099.546316831,0.30550193786621094,0
273,Window_271_86.jpg,757611.7891660994,6267100.989893495,0.4889999330043793,0
274,Window_272_86.jpg,757611.7595820045,6267101.0071712425,0.5441111922264099,0
275,Window_290_86.jpg,757655.9445334887,6267098.530820875,0.2725563049316406,0
276,Window_135_87.jpg,757273.0909249848,6267096.328350275,0.25897470116615295,0
277,Window_216_87.jpg,757471.0194620034,6267099.590712308,0.3584519624710083,0
278,Window_255_87.jpg,757571.205174095,6267097.951270311,0.7825897932052612,0
279,Window_284_87.jpg,757640.9468291244,6267096.035503714,0.3310280740261078,0
280,Window_134_88.jpg,757268.9423043197,6267096.525005369,0.5741068124771118,0
281,Window_135_88.jpg,757268.9119850015,6267096.505409597,0.4698837995529175,0
282,Window_136_88.jpg,757273.1766190296,6267096.318656175,0.42579174041748047,0
283,Window_172_88.jpg,757361.7188076591,6267093.638584583,0.33207452297210693,0
284,Window_176_88.jpg,757372.0153828626,6267095.374073355,0.5368028283119202,0
285,Window_217_88.jpg,757476.3560522264,6267094.766742258,0.7362061142921448,0
286,Window_218_88.jpg,757476.3276904365,6267094.767674475,0.5926033854484558,0
287,Window_262_88.jpg,757586.0237983717,6267093.7004947355,0.26860883831977844,0
288,Window_289_88.jpg,757653.455002523,6267093.673196404,0.2700449824333191,0
289,Window_135_89.jpg,757270.5915100044,6267095.19300387,0.45997780561447144,0
290,Window_171_89.jpg,757362.1965188449,6267091.681452065,0.5140408277511597,0
291,Window_172_89.jpg,757363.6574578946,6267093.022389977,0.5924727320671082,0
292,Window_173_89.jpg,757363.6276819473,6267093.018934398,0.5285773873329163,0
293,Window_176_89.jpg,757372.0511021381,6267095.369870073,0.48923254013061523,0
294,Window_213_89.jpg,757467.2662178343,6267094.665909304,0.26599904894828796,0
295,Window_217_89.jpg,757476.3467494315,6267094.784703671,0.7422090172767639,0
296,Window_218_89.jpg,757476.3154518148,6267094.781160771,0.6920833587646484,0
297,Window_251_89.jpg,757559.4763755715,6267094.072068899,0.5420852899551392,0
298,Window_273_89.jpg,757615.247283793,6267092.309409349,0.49147164821624756,0
299,Window_134_90.jpg,757266.2640986135,6267091.899297058,0.54509437084198,0
300,Window_171_90.jpg,757362.1956933206,6267091.658585339,0.4983067810535431,0
301,Window_172_90.jpg,757362.2187792426,6267091.658050536,0.4973580539226532,0
302,Window_173_90.jpg,757363.6136184549,6267092.963216423,0.45459723472595215,0
303,Window_174_90.jpg,757368.8359881109,6267088.596354096,0.2796739935874939,0
304,Window_175_90.jpg,757368.6428300207,6267088.566139012,0.37904679775238037,0
305,Window_219_90.jpg,757479.6916324561,6267092.943747106,0.33746469020843506,0
306,Window_252_90.jpg,757563.4220752781,6267088.32768467,0.5599925518035889,0
307,Window_263_90.jpg,757588.4477864867,6267088.891281157,0.43718308210372925,0
308,Window_269_90.jpg,757607.881460554,6267089.5532995155,0.5957303047180176,0
309,Window_270_90.jpg,757607.8992358511,6267089.522015422,0.8427614569664001,0
310,Window_272_90.jpg,757615.222118861,6267092.288184806,0.26328232884407043,0
311,Window_273_90.jpg,757615.2319713598,6267092.262946784,0.5130259394645691,0
312,Window_292_90.jpg,757665.055717594,6267088.749852746,0.7443488836288452,0
313,Window_293_90.jpg,757665.0188324517,6267088.767072528,0.747591495513916,0
314,Window_171_91.jpg,757362.8809711998,6267090.318419977,0.6107978820800781,0
315,Window_172_91.jpg,757362.9120752877,6267090.292295857,0.6234805583953857,0
316,Window_173_91.jpg,757363.5364669105,6267089.231482266,0.2614445090293884,0
317,Window_252_91.jpg,757563.5463488763,6267087.986157208,0.755123496055603,0
318,Window_253_91.jpg,757563.5240574842,6267088.079829185,0.6096494197845459,0
319,Window_263_91.jpg,757588.4364509871,6267088.916477828,0.41669580340385437,0
320,Window_268_91.jpg,757601.0219642064,6267086.052431433,0.38241416215896606,0
321,Window_269_91.jpg,757607.8846130436,6267089.571760564,0.5383451581001282,0
322,Window_270_91.jpg,757607.908576197,6267089.540859952,0.8433412909507751,0
323,Window_287_91.jpg,757650.0010386771,6267090.345279134,0.27120983600616455,0
324,Window_292_91.jpg,757665.0613743728,6267088.790596544,0.7531244158744812,0
325,Window_293_91.jpg,757665.0409405595,6267088.773927956,0.7610123157501221,0
326,Window_172_92.jpg,757364.0920866197,6267087.238567366,0.29706642031669617,0
327,Window_218_92.jpg,757479.4409821099,6267083.962967663,0.785923957824707,0
328,Window_219_92.jpg,757479.4627684271,6267083.9487421205,0.7993026971817017,0
329,Window_252_92.jpg,757563.5608879393,6267087.798415354,0.6394419074058533,0
330,Window_253_92.jpg,757563.603630132,6267087.754644125,0.27569761872291565,0
331,Window_268_92.jpg,757603.5759288734,6267087.7355165845,0.3062015771865845,0
332,Window_269_92.jpg,757603.6158359712,6267087.738545432,0.47107723355293274,0
333,Window_172_93.jpg,757365.5917767351,6267081.952163546,0.341417133808136,0
334,Window_173_93.jpg,757363.6295297658,6267083.207816749,0.7524276375770569,0
335,Window_199_93.jpg,757432.6752812332,6267082.2234731605,0.7062990665435791,0
336,Window_200_93.jpg,757432.6429212755,6267082.2239607265,0.6439828872680664,0
337,Window_217_93.jpg,757475.6575108236,6267085.47571615,0.25690916180610657,0
338,Window_218_93.jpg,757479.441471762,6267083.9820554545,0.7710922956466675,0
339,Window_219_93.jpg,757479.4563995963,6267083.985852568,0.8073559403419495,0
340,Window_290_93.jpg,757659.8722932404,6267082.662910788,0.5917952060699463,0
341,Window_291_93.jpg,757659.8675621217,6267082.666361003,0.6522613763809204,0
342,Window_172_94.jpg,757365.5878535574,6267081.986724927,0.33351466059684753,0
343,Window_173_94.jpg,757365.7488473421,6267081.967385977,0.6524974703788757,0
344,Window_178_94.jpg,757378.218074209,6267081.146323203,0.32294121384620667,0
345,Window_199_94.jpg,757432.677421636,6267082.230413898,0.6930081248283386,0
346,Window_200_94.jpg,757432.6400352186,6267082.218333005,0.6404265761375427,0
347,Window_283_94.jpg,757638.3885871628,6267079.9960249355,0.331398606300354,0
348,Window_285_94.jpg,757647.9927236503,6267081.186247586,0.3064200282096863,0
349,Window_290_94.jpg,757659.8472607797,6267082.712058245,0.2903839647769928,0
350,Window_291_94.jpg,757659.8260500198,6267082.70663385,0.378914475440979,0
351,Window_292_94.jpg,757665.447266466,6267082.802893638,0.33832409977912903,0
352,Window_299_94.jpg,757681.6762045687,6267079.498857229,0.746156632900238,0
353,Window_300_94.jpg,757681.6594002312,6267079.502493112,0.777384877204895,0
354,Window_214_95.jpg,757470.4689941471,6267076.565438478,0.7069066166877747,0
355,Window_215_95.jpg,757470.6675041383,6267076.528614133,0.7454968690872192,0
356,Window_216_95.jpg,757470.9141124701,6267076.474568813,0.5811443328857422,0
357,Window_283_95.jpg,757638.3849131605,6267080.016628771,0.361491858959198,0
358,Window_289_95.jpg,757653.5203620149,6267077.922316461,0.430629163980484,0
359,Window_294_95.jpg,757670.59556014,6267077.964004247,0.3048006594181061,0
360,Window_299_95.jpg,757681.6868580049,6267079.478552385,0.7744004726409912,0
361,Window_300_95.jpg,757681.6700412249,6267079.492614686,0.7915422320365906,0
362,Window_177_96.jpg,757374.3692050045,6267077.527944266,0.25100618600845337,0
363,Window_215_96.jpg,757470.6695831483,6267076.542875289,0.7060859203338623,0
364,Window_216_96.jpg,757470.9105823943,6267076.499106108,0.6291937232017517,0
365,Window_260_96.jpg,757580.9732510252,6267077.732658095,0.2638888359069824,0
366,Window_280_96.jpg,757635.060106284,6267073.577725857,0.2840995788574219,0
367,Window_281_96.jpg,757637.8687897986,6267074.133824079,0.6234944462776184,0
368,Window_282_96.jpg,757635.8912663637,6267075.207597881,0.47768786549568176,0
369,Window_284_96.jpg,757645.1213575071,6267075.628934174,0.5103314518928528,0
370,Window_285_96.jpg,757645.1533908313,6267075.60896781,0.6701653003692627,0
371,Window_294_96.jpg,757670.5882418817,6267077.872594192,0.2636462450027466,0
372,Window_133_97.jpg,757263.4909737399,6267071.17232558,0.2775092124938965,0
373,Window_179_97.jpg,757381.5869463151,6267072.858410447,0.2883974015712738,0
374,Window_190_97.jpg,757409.5749572581,6267072.922516434,0.7502383589744568,0
375,Window_191_97.jpg,757409.5624226993,6267072.940974205,0.7330959439277649,0
376,Window_277_97.jpg,757627.6566792196,6267071.291534572,0.352987676858902,0
377,Window_278_97.jpg,757627.6523397034,6267071.280831366,0.5912318229675293,0
378,Window_281_97.jpg,757637.8660727208,6267074.132125198,0.5343946814537048,0
379,Window_282_97.jpg,757635.896602721,6267075.219593055,0.48793286085128784,0
380,Window_133_98.jpg,757267.3359138435,6267070.633490651,0.6127402782440186,0
381,Window_134_98.jpg,757267.3518948918,6267070.636209517,0.676968514919281,0
382,Window_186_98.jpg,757397.4016126161,6267071.739038496,0.262328565120697,0
383,Window_190_98.jpg,757409.5733473366,6267072.877601857,0.8026005625724792,0
384,Window_191_98.jpg,757409.5581822759,6267072.8844136065,0.7923780083656311,0
385,Window_223_98.jpg,757492.4204669064,6267070.834108858,0.46479731798171997,0
386,Window_224_98.jpg,757492.4887979692,6267070.792679011,0.5501287579536438,0
387,Window_277_98.jpg,757627.6731649702,6267071.354460984,0.4198293685913086,0
388,Window_278_98.jpg,757627.6793543166,6267071.312589019,0.25030454993247986,0
389,Window_282_98.jpg,757640.199430055,6267068.6067527225,0.3956446349620819,0
390,Window_283_98.jpg,757640.1768689519,6267071.97462511,0.4139677584171295,0
391,Window_297_98.jpg,757675.6041092342,6267072.870544686,0.2751030921936035,0
392,Window_298_98.jpg,757675.9262130884,6267072.939886383,0.26089486479759216,0
393,Window_151_99.jpg,757309.798424012,6267066.888157099,0.4063447117805481,0
394,Window_175_99.jpg,757373.0633876389,6267067.336699932,0.3606722056865692,0
395,Window_176_99.jpg,757373.1982057458,6267067.26902303,0.6827753782272339,0
396,Window_223_99.jpg,757492.4237764543,6267070.482407647,0.271205335855484,0
397,Window_224_99.jpg,757492.4609846538,6267070.483614455,0.30020394921302795,0
398,Window_277_99.jpg,757627.2524357503,6267070.349369018,0.36748847365379333,0
399,Window_280_99.jpg,757630.9072395517,6267069.374353557,0.2581815719604492,0
400,Window_283_99.jpg,757643.1032869881,6267068.872222423,0.3793146312236786,0
401,Window_151_100.jpg,757309.7909711963,6267066.904776662,0.29017749428749084,0
402,Window_152_100.jpg,757311.2833385086,6267063.361394375,0.3510279059410095,0
403,Window_176_100.jpg,757373.1867284244,6267067.287261977,0.39562103152275085,0
404,Window_180_100.jpg,757384.494996435,6267065.827061205,0.5978720188140869,0
405,Window_181_100.jpg,757384.5132639175,6267065.827828913,0.6613845229148865,0
406,Window_277_100.jpg,757624.682044453,6267063.3194425395,0.3747137188911438,0
407,Window_283_100.jpg,757639.9219190245,6267067.641816146,0.28986477851867676,0
408,Window_298_100.jpg,757675.8940086057,6267067.0043363115,0.38234445452690125,0
409,Window_151_101.jpg,757312.0183343356,6267061.8155753305,0.3805738687515259,0
410,Window_276_101.jpg,757624.7414807146,6267063.00348696,0.37077370285987854,0
411,Window_277_101.jpg,757624.7208272582,6267063.010109036,0.4483746886253357,0
412,Window_311_101.jpg,757708.4524624338,6267061.431091993,0.39012226462364197,0
413,Window_151_102.jpg,757312.0103389686,6267061.84479159,0.41644325852394104,0
414,Window_152_102.jpg,757312.0270845955,6267061.840750842,0.7058634161949158,0
415,Window_178_102.jpg,757379.3648726409,6267059.811140566,0.6555636525154114,0
416,Window_179_102.jpg,757379.3575536376,6267059.839947193,0.7087444067001343,0
417,Window_277_102.jpg,757624.8512346214,6267061.246922581,0.33977434039115906,0
418,Window_307_102.jpg,757698.6070929756,6267062.8853483,0.3769998848438263,0
419,Window_309_102.jpg,757706.9690308636,6267059.2493456295,0.6300289630889893,0
420,Window_310_102.jpg,757706.9537763959,6267059.190510481,0.4869834780693054,0
421,Window_178_103.jpg,757379.2974055475,6267059.895126938,0.6511142253875732,0
422,Window_179_103.jpg,757379.2815283602,6267059.900867834,0.6917680501937866,0
423,Window_281_103.jpg,757636.7894793218,6267055.9403386405,0.28392016887664795,0
424,Window_282_103.jpg,757636.7690727031,6267055.928992896,0.27692535519599915,0
425,Window_285_103.jpg,757647.3833296364,6267058.134466379,0.2928343117237091,0
426,Window_286_103.jpg,757647.3573445445,6267058.128105967,0.2566758394241333,0
427,Window_287_103.jpg,757650.6742089158,6267056.936027973,0.2945392429828644,0
428,Window_288_103.jpg,757650.9999731658,6267057.770596116,0.3194288909435272,0
429,Window_309_103.jpg,757706.9549564188,6267059.278204112,0.5892184972763062,0
430,Window_310_103.jpg,757706.9254696285,6267059.184034436,0.4165527820587158,0
431,Window_173_104.jpg,757367.6358950799,6267053.529394834,0.6395249366760254,0
432,Window_174_104.jpg,757368.3196116155,6267054.362730949,0.6523345112800598,0
433,Window_175_104.jpg,757370.478488869,6267054.535748332,0.6926507949829102,0
434,Window_233_104.jpg,757513.4840709632,6267054.199720292,0.341007262468338,0
435,Window_281_104.jpg,757636.7755538886,6267055.755744546,0.382010281085968,0
436,Window_285_104.jpg,757647.3749861782,6267057.916268135,0.536518394947052,0
437,Window_286_104.jpg,757647.3627299732,6267057.917111485,0.5927435755729675,0
438,Window_287_104.jpg,757650.7666630214,6267057.709369442,0.3888370096683502,0
439,Window_308_104.jpg,757704.8636046713,6267055.171359151,0.7873477339744568,0
440,Window_309_104.jpg,757704.852103061,6267055.1655438235,0.7813984155654907,0
441,Window_173_105.jpg,757367.6051441496,6267053.491538136,0.5776951313018799,0
442,Window_174_105.jpg,757368.3085251516,6267054.401418834,0.7071598768234253,0
443,Window_175_105.jpg,757370.4808776742,6267054.544857114,0.7132247090339661,0
444,Window_176_105.jpg,757370.9486372685,6267051.05387625,0.3085363209247589,0
445,Window_191_105.jpg,757411.0644269651,6267052.804210751,0.28916817903518677,0
446,Window_229_105.jpg,757506.17069251,6267050.817432075,0.33024629950523376,0
447,Window_230_105.jpg,757506.1140537551,6267050.812177627,0.28395336866378784,0
448,Window_232_105.jpg,757514.1866368717,6267051.2370937755,0.8376044034957886,0
449,Window_233_105.jpg,757514.2030747896,6267051.236971288,0.8270617127418518,0
450,Window_279_105.jpg,757631.500388152,6267051.463191777,0.4533843994140625,0
451,Window_280_105.jpg,757631.4941780185,6267051.461164325,0.5290464162826538,0
452,Window_289_105.jpg,757653.6073597064,6267052.145069211,0.4807172417640686,0
453,Window_294_105.jpg,757665.9755197829,6267051.815514534,0.6633034944534302,0
454,Window_308_105.jpg,757704.8698938554,6267055.193259462,0.7912405133247375,0
455,Window_309_105.jpg,757704.8543194598,6267055.182243443,0.804728627204895,0
456,Window_153_106.jpg,757317.2981441682,6267049.992720156,0.5571208596229553,0
457,Window_154_106.jpg,757317.3131824201,6267049.988090961,0.763666570186615,0
458,Window_191_106.jpg,757411.0591763919,6267052.8183702445,0.4680003225803375,0
459,Window_228_106.jpg,757505.4766038721,6267050.292341976,0.5210694074630737,0
460,Window_232_106.jpg,757514.194571442,6267051.207911341,0.8338142037391663,0
461,Window_233_106.jpg,757514.1970108366,6267051.201873391,0.8038696646690369,0
462,Window_240_106.jpg,757535.6146270698,6267048.708983033,0.3083604574203491,0
463,Window_279_106.jpg,757631.5582451886,6267051.446177184,0.30695840716362,0
464,Window_288_106.jpg,757653.5911843842,6267052.141828804,0.40526390075683594,0
465,Window_291_106.jpg,757658.42776551,6267049.478189616,0.3788626194000244,0
466,Window_294_106.jpg,757665.9709172985,6267051.779878705,0.6327146291732788,0
467,Window_128_107.jpg,757253.7890202468,6267046.575001447,0.6616483330726624,0
468,Window_129_107.jpg,757253.8454199126,6267046.59587857,0.7650181651115417,0
469,Window_153_107.jpg,757317.2918353146,6267050.019888475,0.5749101638793945,0
470,Window_154_107.jpg,757317.3072122699,6267050.008616715,0.7003783583641052,0
471,Window_174_107.jpg,757369.7436333364,6267045.834312408,0.28155267238616943,0
472,Window_243_107.jpg,757541.6503957575,6267045.9644818,0.37717947363853455,0
473,Window_279_107.jpg,757631.4926821655,6267045.970115035,0.37291857600212097,0
474,Window_280_107.jpg,757631.518103323,6267045.970416038,0.3669237494468689,0
475,Window_284_107.jpg,757644.8664957946,6267046.986448138,0.43872177600860596,0
476,Window_285_107.jpg,757644.8899944788,6267046.990591853,0.4677162170410156,0
477,Window_291_107.jpg,757658.4149210816,6267049.511854022,0.3464564085006714,0
478,Window_308_107.jpg,757703.3626294797,6267047.060067623,0.7500796318054199,0
479,Window_309_107.jpg,757703.4953315472,6267047.026344209,0.6868107318878174,0
480,Window_101_108.jpg,757183.8714549607,6267043.506437211,0.6495941281318665,0
481,Window_128_108.jpg,757253.8345236247,6267046.586481898,0.7514442205429077,0
482,Window_129_108.jpg,757253.8486649385,6267046.599913358,0.7996020913124084,0
483,Window_153_108.jpg,757316.9325304693,6267046.555951803,0.2772321403026581,0
484,Window_161_108.jpg,757333.5043243235,6267047.323972776,0.4561029076576233,0
485,Window_175_108.jpg,757369.680209077,6267045.436648696,0.37436822056770325,0
486,Window_232_108.jpg,757511.5841700798,6267043.307545154,0.27184027433395386,0
487,Window_237_108.jpg,757527.7322883075,6267044.494823783,0.2592862546443939,0
488,Window_238_108.jpg,757527.7061005598,6267044.504975646,0.4736234247684479,0
489,Window_252_108.jpg,757560.9049647683,6267044.204411178,0.2784278690814972,0
490,Window_253_108.jpg,757564.919563747,6267045.631227761,0.4322138726711273,0
491,Window_277_108.jpg,757625.6137557989,6267044.54655674,0.555141806602478,0
492,Window_279_108.jpg,757631.6955826348,6267043.8306948235,0.602668046951294,0
493,Window_280_108.jpg,757631.7172034746,6267043.848805099,0.5374792814254761,0
494,Window_284_108.jpg,757644.8693675464,6267046.979788884,0.3827679753303528,0
495,Window_285_108.jpg,757644.8904777234,6267046.981465637,0.4727831184864044,0
496,Window_308_108.jpg,757703.3693129485,6267047.011381133,0.781818687915802,0
497,Window_309_108.jpg,757703.4976022234,6267046.988694116,0.6998605132102966,0
498,Window_99_109.jpg,757181.0417491859,6267042.987660139,0.37085676193237305,0
499,Window_100_109.jpg,757183.9116448825,6267043.453495025,0.7105079293251038,0
500,Window_101_109.jpg,757183.8825080832,6267043.463089882,0.5912651419639587,0
501,Window_102_109.jpg,757186.2990966355,6267041.660985916,0.5304286479949951,0
502,Window_229_109.jpg,757505.3547582692,6267043.301040052,0.46446770429611206,0
503,Window_237_109.jpg,757527.7352607911,6267044.519316598,0.3615921437740326,0
504,Window_238_109.jpg,757527.707553572,6267044.526170238,0.5069872736930847,0
505,Window_239_109.jpg,757528.5838593459,6267042.275079458,0.7930931448936462,0
506,Window_277_109.jpg,757625.6047554975,6267044.547853216,0.5082244873046875,0
507,Window_279_109.jpg,757631.7035341924,6267043.860768347,0.6720081567764282,0
508,Window_280_109.jpg,757631.712793774,6267043.867590397,0.6190107464790344,0
509,Window_101_110.jpg,757186.2750262683,6267041.672739952,0.5731697678565979,0
510,Window_103_110.jpg,757191.2170503205,6267038.978455334,0.5283250212669373,0
511,Window_104_110.jpg,757191.2154453536,6267038.974987834,0.7471513748168945,0
512,Window_239_110.jpg,757528.5799558004,6267042.252239778,0.7572660446166992,0
513,Window_245_110.jpg,757543.5523294387,6267040.665504902,0.2913477420806885,0
514,Window_275_110.jpg,757622.9574734634,6267039.920805364,0.2820490002632141,0
515,Window_276_110.jpg,757623.1008628672,6267039.889060824,0.5415767431259155,0
516,Window_295_110.jpg,757668.4105803734,6267038.726262121,0.2653939723968506,0
517,Window_316_110.jpg,757720.9267730182,6267038.8178360155,0.40126097202301025,0
518,Window_102_111.jpg,757190.5982253617,6267038.868121474,0.3648473918437958,0
519,Window_103_111.jpg,757191.2282479471,6267039.043774276,0.4159185588359833,0
520,Window_104_111.jpg,757191.2162057599,6267039.013645916,0.7259687781333923,0
521,Window_223_111.jpg,757488.7939783102,6267036.601696282,0.32217204570770264,0
522,Window_275_111.jpg,757620.853252477,6267036.553541689,0.6637251377105713,0
523,Window_276_111.jpg,757621.0318406587,6267036.533347934,0.7308083772659302,0
524,Window_100_112.jpg,757183.9167372053,6267034.948726266,0.2526722550392151,0
525,Window_116_112.jpg,757225.3775701588,6267033.595717817,0.3062860667705536,0
526,Window_133_112.jpg,757263.5233161515,6267035.5166318705,0.36896660923957825,0
527,Window_135_112.jpg,757268.4900358608,6267033.646399646,0.7113789916038513,0
528,Window_222_112.jpg,757488.8515139287,6267036.630497991,0.45579585433006287,0
529,Window_249_112.jpg,757555.8989811605,6267035.080189972,0.590258777141571,0
530,Window_250_112.jpg,757555.9434688939,6267035.037113397,0.3570221960544586,0
531,Window_274_112.jpg,757620.6007767385,6267036.591860919,0.3940754532814026,0
532,Window_275_112.jpg,757620.8541587656,6267036.567960351,0.66803377866745,0
533,Window_276_112.jpg,757621.0322841918,6267036.5550340405,0.7576826810836792,0
534,Window_277_112.jpg,757626.1275414294,6267034.558721154,0.7212388515472412,0
535,Window_278_112.jpg,757626.1400090819,6267034.569310813,0.689531147480011,0
536,Window_112_113.jpg,757213.0464746719,6267031.390785544,0.44680583477020264,0
537,Window_116_113.jpg,757225.3740940159,6267033.54868245,0.4758436679840088,0
538,Window_117_113.jpg,757225.3595369225,6267033.561656593,0.30244457721710205,0
539,Window_132_113.jpg,757264.9443326062,6267031.272213428,0.2749374508857727,0
540,Window_133_113.jpg,757265.7738841241,6267031.820570498,0.7388350963592529,0
541,Window_134_113.jpg,757265.9585498935,6267031.789156466,0.47263097763061523,0
542,Window_135_113.jpg,757268.5022979332,6267033.5774300685,0.6027845144271851,0
543,Window_142_113.jpg,757289.4565591877,6267031.5037038615,0.7594878673553467,0
544,Window_143_113.jpg,757289.4781455314,6267031.5110698035,0.7920470237731934,0
545,Window_242_113.jpg,757538.9237875408,6267033.411708741,0.3375958204269409,0
546,Window_243_113.jpg,757538.9168427056,6267033.408243476,0.3647623062133789,0
547,Window_249_113.jpg,757555.9013415044,6267035.055085166,0.6336866617202759,0
548,Window_250_113.jpg,757555.957846093,6267035.021618872,0.5242783427238464,0
549,Window_277_113.jpg,757626.1138404077,6267034.542917802,0.6880273222923279,0
550,Window_278_113.jpg,757626.1308208024,6267034.555261626,0.45147597789764404,0
551,Window_112_114.jpg,757212.6901098257,6267031.036298095,0.3257817029953003,0
552,Window_132_114.jpg,757264.950913257,6267031.314564466,0.27817633748054504,0
553,Window_133_114.jpg,757265.7809651559,6267031.849017858,0.7009128332138062,0
554,Window_134_114.jpg,757265.9701493671,6267031.8103262475,0.4072679281234741,0
555,Window_139_114.jpg,757280.9571207231,6267030.908324241,0.3336978256702423,0
556,Window_142_114.jpg,757289.4577748245,6267031.511320888,0.760483980178833,0
557,Window_143_114.jpg,757289.4896507924,6267031.511722027,0.7448554039001465,0
558,Window_133_115.jpg,757263.4130844763,6267030.311052545,0.3023316264152527,0
559,Window_139_115.jpg,757280.7668942874,6267028.545830219,0.25275978446006775,0
560,Window_208_115.jpg,757451.0679292968,6267026.178595691,0.4851589500904083,0
561,Window_220_115.jpg,757484.962578482,6267028.370391845,0.28357306122779846,0
562,Window_248_115.jpg,757554.8422253793,6267030.266451209,0.4730982780456543,0
563,Window_220_116.jpg,757483.6894506877,6267024.940297275,0.41476133465766907,0
564,Window_213_117.jpg,757463.8210285371,6267021.887908249,0.27826616168022156,0
565,Window_220_117.jpg,757482.3597308164,6267023.403597145,0.30357813835144043,0
566,Window_219_118.jpg,757480.9913770026,6267019.680036574,0.6602149605751038,0
567,Window_220_118.jpg,757481.0139357774,6267019.652233987,0.5476340651512146,0
568,Window_243_118.jpg,757542.3966304129,6267019.579055279,0.6481152772903442,0
569,Window_244_118.jpg,757542.4378815955,6267019.561264782,0.6861470341682434,0
570,Window_126_119.jpg,757250.2029109662,6267015.940673917,0.3217977285385132,0
571,Window_127_119.jpg,757250.1895224219,6267015.954191654,0.39204666018486023,0
572,Window_219_119.jpg,757480.9730625814,6267019.64167264,0.6643081307411194,0
573,Window_220_119.jpg,757481.0160242869,6267019.610100656,0.6537644863128662,0
574,Window_243_119.jpg,757542.4120382136,6267019.550620063,0.7323901653289795,0
575,Window_244_119.jpg,757542.4263223177,6267019.559206261,0.679643988609314,0
576,Window_267_119.jpg,757602.870656318,6267018.0834763935,0.5479273796081543,0
577,Window_268_119.jpg,757603.0805755323,6267018.001738756,0.5572719573974609,0
578,Window_91_120.jpg,757161.0202634996,6267014.885270565,0.4369974434375763,0
579,Window_92_120.jpg,757161.0256944699,6267014.896140962,0.3924856185913086,0
580,Window_121_120.jpg,757237.5369960731,6267014.192596643,0.2713005244731903,0
581,Window_218_120.jpg,757480.5836997097,6267015.969038128,0.4410397708415985,0
582,Window_219_120.jpg,757479.1413726574,6267013.616149097,0.4263260066509247,0
583,Window_220_120.jpg,757481.482763729,6267017.985199808,0.33737218379974365,0
584,Window_267_120.jpg,757602.8722003764,6267017.902998391,0.3542061746120453,0
585,Window_274_120.jpg,757619.77396465,6267013.4629502585,0.49542081356048584,0
586,Window_275_120.jpg,757619.7610353595,6267013.465626805,0.4154156446456909,0
587,Window_91_121.jpg,757161.0022220677,6267014.918243631,0.48851144313812256,0
588,Window_92_121.jpg,757161.023219238,6267014.913315519,0.46195188164711,0
589,Window_118_121.jpg,757229.3831542796,6267012.024597197,0.3555706739425659,0
590,Window_262_121.jpg,757586.0949523663,6267015.476616255,0.30692198872566223,0
591,Window_275_121.jpg,757619.7458171016,6267013.518611311,0.3050273358821869,0
592,Window_217_122.jpg,757476.823013491,6267009.204750924,0.47373926639556885,0
593,Window_218_122.jpg,757476.7860180056,6267009.180951982,0.40530872344970703,0
594,Window_93_123.jpg,757165.1676393216,6267005.865374475,0.34085673093795776,0
595,Window_217_123.jpg,757476.8363193339,6267009.220325469,0.39463478326797485,0
596,Window_224_123.jpg,757494.2390561765,6267008.698308586,0.3857194483280182,0
597,Window_225_123.jpg,757494.2180261677,6267008.696302145,0.25439298152923584,0
598,Window_274_124.jpg,757615.9482019683,6267003.607912629,0.5247563123703003,0
599,Window_84_125.jpg,757145.5978781646,6267002.9593598535,0.3085431158542633,0
600,Window_91_125.jpg,757158.7721533244,6267004.938555106,0.3012608587741852,0
601,Window_277_125.jpg,757623.4496422773,6267002.925939529,0.596232533454895,0
602,Window_84_126.jpg,757145.6028024023,6267002.850051864,0.4851114749908447,0
603,Window_55_127.jpg,757068.4134712638,6266999.166625111,0.32414868474006653,0
604,Window_97_127.jpg,757175.9051651424,6266998.054324656,0.34076395630836487,0
605,Window_98_127.jpg,757175.9987865677,6266998.0594137,0.2570967674255371,0
606,Window_128_127.jpg,757252.7934522098,6266996.036743491,0.4018698036670685,0
607,Window_130_127.jpg,757255.8929308606,6266996.186162799,0.4662444293498993,0
608,Window_139_127.jpg,757283.1132847732,6266996.135794192,0.32625463604927063,0
609,Window_75_128.jpg,757122.7686057156,6266997.115149691,0.4275091290473938,0
610,Window_76_128.jpg,757122.7454785174,6266997.151603519,0.32014164328575134,0
611,Window_104_128.jpg,757191.0352061791,6266995.316368311,0.2527739107608795,0
612,Window_120_128.jpg,757232.3595593041,6266994.716716974,0.6822320818901062,0
613,Window_136_128.jpg,757270.904327753,6266993.639631837,0.6154631972312927,0
614,Window_140_128.jpg,757284.7616154617,6266993.742669492,0.47186338901519775,0
615,Window_271_128.jpg,757612.9917726582,6266997.871420204,0.26144739985466003,0
616,Window_119_129.jpg,757232.3313096827,6266994.745918929,0.6071146130561829,0
617,Window_127_129.jpg,757251.660771436,6266994.463677078,0.6490305066108704,0
618,Window_128_129.jpg,757251.641335032,6266994.467459663,0.4053475856781006,0
619,Window_136_129.jpg,757270.8984469259,6266993.591637283,0.4900869131088257,0
620,Window_140_129.jpg,757284.7611690229,6266993.750196665,0.48368629813194275,0
621,Window_141_129.jpg,757284.7370538777,6266993.75407946,0.5711359977722168,0
622,Window_188_129.jpg,757403.3780003255,6266993.2432038775,0.31114718317985535,0
623,Window_274_129.jpg,757619.3085462516,6266991.031420796,0.8111921548843384,0
624,Window_275_129.jpg,757619.295917294,6266991.02995482,0.8262521028518677,0
625,Window_87_130.jpg,757149.9636129206,6266990.714376836,0.39738309383392334,0
626,Window_273_130.jpg,757613.4014291046,6266989.821543365,0.31662705540657043,0
627,Window_274_130.jpg,757619.3046594327,6266990.96116495,0.7638302445411682,0
628,Window_275_130.jpg,757619.2934068209,6266990.97001922,0.7661435008049011,0
629,Window_87_131.jpg,757150.0379263526,6266990.538829534,0.2566278278827667,0
630,Window_107_131.jpg,757198.4981386093,6266985.950862735,0.3187490403652191,0
631,Window_80_132.jpg,757130.9946252508,6266984.138981371,0.346640408039093,0
632,Window_142_132.jpg,757287.4997643298,6266986.258606284,0.2896929383277893,0
633,Window_80_133.jpg,757130.9933147123,6266984.131742387,0.25686967372894287,0
634,Window_56_134.jpg,757073.7788478201,6266979.587596624,0.6860297918319702,0
635,Window_79_134.jpg,757130.0578961438,6266979.365039735,0.3797905147075653,0
636,Window_56_135.jpg,757073.7849373287,6266979.518576681,0.8057398200035095,0
637,Window_57_135.jpg,757073.814883559,6266979.527266814,0.7438420057296753,0
638,Window_69_135.jpg,757103.5252470439,6266976.027810543,0.563704252243042,0
639,Window_159_135.jpg,757328.4263779512,6266977.797529667,0.522042989730835,0
640,Window_70_136.jpg,757109.3876469797,6266977.782364308,0.2662477195262909,0
641,Window_127_136.jpg,757248.4886708213,6266973.764312535,0.3462463617324829,0
642,Window_159_136.jpg,757328.4335870584,6266977.844583026,0.5032686591148376,0
643,Window_160_136.jpg,757330.8766950583,6266975.279473036,0.35510653257369995,0
644,Window_52_137.jpg,757061.0491353562,6266971.385921209,0.43854767084121704,0
645,Window_65_137.jpg,757094.5671688681,6266974.046632766,0.3027752637863159,0
646,Window_210_137.jpg,757456.1871874249,6266972.95014736,0.47921374440193176,0
647,Window_51_138.jpg,757062.1853307551,6266969.637735455,0.27717119455337524,0
648,Window_52_138.jpg,757062.2021040982,6266969.663188725,0.47955530881881714,0
649,Window_75_138.jpg,757118.5909819519,6266972.971756223,0.29298344254493713,0
650,Window_157_138.jpg,757325.3536619907,6266972.538691579,0.38623046875,0
651,Window_228_138.jpg,757501.9224001383,6266970.470496981,0.4361083507537842,0
652,Window_49_139.jpg,757057.9588300651,6266970.405572734,0.3634840250015259,0
653,Window_51_139.jpg,757062.1686429447,6266969.692484035,0.30981725454330444,0
654,Window_52_139.jpg,757062.2031872636,6266969.703791483,0.5550240278244019,0
655,Window_144_139.jpg,757295.464590556,6266966.896372407,0.537966251373291,0
656,Window_145_139.jpg,757295.529562152,6266966.904816001,0.6237125396728516,0
657,Window_188_139.jpg,757401.0245840354,6266968.157716065,0.48219624161720276,0
658,Window_111_140.jpg,757211.1515275305,6266965.033998459,0.37192168831825256,0
659,Window_144_140.jpg,757295.4648417896,6266966.874677657,0.41169974207878113,0
660,Window_145_140.jpg,757295.5366001194,6266966.842499941,0.6790739297866821,0
661,Window_227_140.jpg,757501.3610837525,6266964.882541566,0.586940348148346,0
662,Window_228_140.jpg,757501.3383949464,6266964.871023863,0.550723671913147,0
663,Window_112_141.jpg,757211.1142471349,6266965.1093413,0.3711007833480835,0
664,Window_227_141.jpg,757501.3873753613,6266964.903459891,0.6441769599914551,0
665,Window_228_141.jpg,757501.3652403196,6266964.902288436,0.5948709845542908,0
666,Window_57_142.jpg,757077.6036394304,6266960.0896084,0.873898446559906,0
667,Window_58_142.jpg,757077.5873733228,6266960.08622077,0.8726874589920044,0
668,Window_57_143.jpg,757077.6132944888,6266960.116385265,0.8864167928695679,0
669,Window_58_143.jpg,757077.574903137,6266960.116386085,0.8913500905036926,0
670,Window_55_145.jpg,757069.4483034974,6266955.451556544,0.26855552196502686,0
671,Window_146_145.jpg,757298.8414616054,6266953.503540128,0.5408691763877869,0
672,Window_182_145.jpg,757387.2783311373,6266952.222457497,0.3496749997138977,0
673,Window_183_145.jpg,757391.3921398586,6266954.174353152,0.32534289360046387,0
674,Window_216_145.jpg,757470.91756099,6266953.82845056,0.2887190878391266,0
675,Window_181_146.jpg,757383.4544278411,6266949.05876544,0.5540874004364014,0
676,Window_205_146.jpg,757445.1451406544,6266950.80241692,0.25166547298431396,0
677,Window_225_146.jpg,757495.4268181985,6266951.456606953,0.3833821415901184,0
678,Window_146_147.jpg,757296.0585063053,6266948.860256194,0.38699668645858765,0
679,Window_181_147.jpg,757383.4469558401,6266949.095815091,0.6073668599128723,0
680,Window_203_147.jpg,757442.047340936,6266947.745970457,0.38690027594566345,0
681,Window_204_147.jpg,757442.0480240053,6266947.722150951,0.33852458000183105,0
682,Window_203_148.jpg,757442.0376861757,6266947.782526395,0.5818554162979126,0
683,Window_204_148.jpg,757442.0427880352,6266947.767966769,0.5970758199691772,0
684,Window_116_149.jpg,757223.1141974693,6266940.80256459,0.43270930647850037,0
685,Window_116_150.jpg,757223.1108517116,6266940.722043931,0.445085734128952,0
686,Window_122_151.jpg,757235.9384451536,6266936.829283207,0.3932170569896698,0
687,Window_124_151.jpg,757244.4641364282,6266937.2342776945,0.28977280855178833,0
688,Window_128_151.jpg,757253.6508477395,6266938.030164509,0.421125590801239,0
689,Window_211_152.jpg,757461.2998441523,6266935.11119154,0.800410270690918,0
690,Window_212_152.jpg,757461.2609846061,6266935.092380314,0.7732052803039551,0
691,Window_115_153.jpg,757222.1566513842,6266930.903629928,0.35514408349990845,0
692,Window_127_153.jpg,757248.4313727831,6266933.84488818,0.38960492610931396,0
693,Window_211_153.jpg,757461.2952244943,6266935.102171271,0.8160191178321838,0
694,Window_212_153.jpg,757461.274762108,6266935.094662725,0.8105325102806091,0
695,Window_28_154.jpg,757004.5496088928,6266928.593595891,0.8279425501823425,0
696,Window_29_154.jpg,757004.5206201738,6266928.591800897,0.8388956189155579,0
697,Window_115_154.jpg,757223.0882692998,6266929.039695828,0.48371198773384094,0
698,Window_116_154.jpg,757223.2068668967,6266928.997969597,0.44396892189979553,0
699,Window_148_154.jpg,757303.8411424225,6266932.560608915,0.2638964354991913,0
700,Window_28_155.jpg,757004.5449737376,6266928.555597632,0.8270063996315002,0
701,Window_29_155.jpg,757004.5156171089,6266928.556301563,0.8353053331375122,0
702,Window_115_155.jpg,757223.0882755583,6266928.9841209045,0.49378108978271484,0
703,Window_122_155.jpg,757236.5719186431,6266925.9963401845,0.48689988255500793,0
704,Window_203_155.jpg,757440.0766139394,6266926.707623868,0.27800253033638,0
705,Window_120_156.jpg,757235.0721476143,6266924.967617958,0.6127546429634094,0
706,Window_121_156.jpg,757235.0352803534,6266924.980774491,0.5588786602020264,0
707,Window_122_156.jpg,757236.551558814,6266925.9327678075,0.6323303580284119,0
708,Window_176_156.jpg,757370.9333207002,6266926.102570116,0.33735647797584534,0
709,Window_26_157.jpg,757000.3377626007,6266922.855533629,0.7772255539894104,0
710,Window_27_157.jpg,757000.3549074298,6266922.864284783,0.7833370566368103,0
711,Window_28_157.jpg,757001.0091422973,6266921.038090854,0.2881244421005249,0
712,Window_120_157.jpg,757235.0862262314,6266925.006105422,0.6554229259490967,0
713,Window_121_157.jpg,757235.0356943076,6266925.039778694,0.6498926877975464,0
714,Window_26_158.jpg,757000.3235713309,6266922.815220735,0.7955861687660217,0
715,Window_27_158.jpg,757000.3415065175,6266922.803143269,0.8207075595855713,0
716,Window_38_160.jpg,757026.6292629307,6266913.75427392,0.34765690565109253,0
717,Window_120_162.jpg,757235.5936003393,6266908.585118323,0.3019668757915497,0
718,Window_123_162.jpg,757241.5771645969,6266908.347975283,0.5279448628425598,0
719,Window_147_162.jpg,757300.6123910015,6266912.578895359,0.4474572539329529,0
720,Window_124_163.jpg,757242.8775808876,6266908.872610896,0.40691009163856506,0
721,Window_147_163.jpg,757300.7203420168,6266908.517327725,0.4860823452472687,0
722,Window_120_164.jpg,757235.5707279509,6266905.248791843,0.4234527051448822,0
723,Window_122_164.jpg,757238.6171019739,6266905.368034809,0.28981587290763855,0
724,Window_123_165.jpg,757238.5976558095,6266905.404538668,0.5505272150039673,0
725,Window_140_171.jpg,757284.005367524,6266887.8045209935,0.6783592700958252,0
726,Window_141_171.jpg,757283.9974861508,6266887.799840241,0.6568784117698669,0
727,Window_128_172.jpg,757254.1903362339,6266887.024962797,0.3898513615131378,0
728,Window_129_172.jpg,757254.1949459827,6266887.027433856,0.36965179443359375,0
729,Window_136_172.jpg,757270.9303218229,6266884.014912217,0.28277722001075745,0
730,Window_140_172.jpg,757283.9925119942,6266887.816452614,0.7747218608856201,0
731,Window_137_173.jpg,757273.3964556465,6266882.870350449,0.31867024302482605,0
732,Window_138_173.jpg,757280.4594946569,6266882.769556015,0.5230218768119812,0
733,Window_139_173.jpg,757280.5384857124,6266882.780462473,0.433313250541687,0
734,Window_136_174.jpg,757273.2562968796,6266882.881927795,0.5171786546707153,0
735,Window_138_174.jpg,757280.4435241884,6266882.797723494,0.6580672860145569,0
736,Window_139_174.jpg,757280.4981880551,6266882.8082007235,0.7262745499610901,0
737,Window_136_175.jpg,757274.2733953064,6266876.9993126085,0.7735369801521301,0
738,Window_137_175.jpg,757274.2629621094,6266876.997921138,0.7768318057060242,0
739,Window_95_176.jpg,757170.4653457468,6266875.1479756525,0.2962534427642822,0
740,Window_136_176.jpg,757274.2740885084,6266877.040114968,0.7582998275756836,0
741,Window_137_176.jpg,757274.2651161468,6266877.024663805,0.7745594382286072,0
742,Window_138_176.jpg,757277.5969863599,6266875.984392284,0.2645205855369568,0
743,Window_94_177.jpg,757166.3713991186,6266875.253121524,0.42499569058418274,0
744,Window_138_177.jpg,757280.4243756002,6266872.916875451,0.3194587230682373,0
745,Window_139_177.jpg,757281.6079453295,6266871.776632934,0.29371777176856995,0
746,Window_140_177.jpg,757281.7174836164,6266871.752654283,0.3736359775066376,0
747,Window_95_178.jpg,757168.4076195592,6266868.504951864,0.2602783739566803,0
748,Window_96_178.jpg,757171.5615282124,6266868.525375991,0.29512158036231995,0
749,Window_140_178.jpg,757281.7120953565,6266871.759972244,0.3934879004955292,0
750,Window_131_179.jpg,757260.4299748605,6266867.088257938,0.4141005873680115,0
751,Window_132_179.jpg,757260.9766002661,6266867.497324019,0.45186299085617065,0
752,Window_95_180.jpg,757170.7398389941,6266863.919379978,0.4975292682647705,0
753,Window_96_180.jpg,757170.908892463,6266863.7806302,0.42290663719177246,0
754,Window_130_180.jpg,757260.40964163,6266867.069705992,0.6700166463851929,0
755,Window_131_180.jpg,757260.4272206789,6266867.067997052,0.3938385844230652,0
756,Window_95_181.jpg,757170.7568589514,6266863.928700357,0.5971269607543945,0
757,Window_96_181.jpg,757170.911126296,6266863.83596149,0.5126047730445862,0
758,Window_93_182.jpg,757165.02643413,6266860.364367931,0.3417525887489319,0
759,Window_95_182.jpg,757170.3658550149,6266862.643748268,0.622963011264801,0
760,Window_93_183.jpg,757165.0209509498,6266860.3928556545,0.2581312656402588,0
761,Window_144_183.jpg,757293.7839359706,6266860.325349166,0.26395654678344727,0
762,Window_147_183.jpg,757302.3680759137,6266857.1795212915,0.7100111842155457,0
763,Window_148_183.jpg,757302.3585111564,6266857.178591161,0.7293742895126343,0
764,Window_23_184.jpg,756990.0835961765,6266855.407988994,0.2888162434101105,0
765,Window_147_184.jpg,757302.3748273319,6266857.162270217,0.6790803670883179,0
766,Window_148_184.jpg,757302.3666358655,6266857.16042754,0.7136103510856628,0
767,Window_93_185.jpg,757165.6781145101,6266855.169031999,0.39328697323799133,0
768,Window_96_185.jpg,757170.8871484092,6266852.124944895,0.2531891465187073,0
769,Window_91_186.jpg,757160.3424189156,6266848.41602382,0.36242425441741943,0
770,Window_96_186.jpg,757170.8850825401,6266852.138906761,0.2843981981277466,0
771,Window_125_186.jpg,757247.3204258746,6266850.134553879,0.6752170920372009,0
772,Window_126_186.jpg,757247.3149841195,6266850.155839889,0.6758597493171692,0
773,Window_154_186.jpg,757315.9955516187,6266850.832111805,0.3294942080974579,0
774,Window_105_187.jpg,757193.4548252551,6266848.202065497,0.433158814907074,0
775,Window_125_187.jpg,757247.3310158318,6266850.078033849,0.6020714044570923,0
776,Window_126_187.jpg,757247.311204291,6266850.087534568,0.5967154502868652,0
777,Window_92_188.jpg,757160.9378943508,6266843.556827574,0.29205965995788574,0
778,Window_93_188.jpg,757167.6675785249,6266844.312547415,0.8297680616378784,0
779,Window_94_188.jpg,757167.6406127876,6266844.312312274,0.8396050333976746,0
780,Window_106_188.jpg,757195.8918071082,6266845.98029074,0.31578850746154785,0
781,Window_123_188.jpg,757242.5377235478,6266844.582735865,0.6090106964111328,0
782,Window_124_188.jpg,757242.5237563914,6266844.5687752655,0.3951893150806427,0
783,Window_93_189.jpg,757167.6578346556,6266844.2976090005,0.8338532447814941,0
784,Window_94_189.jpg,757167.6363389855,6266844.29765132,0.8303554058074951,0
785,Window_102_189.jpg,757189.7978580659,6266842.893377214,0.37470388412475586,0
786,Window_103_189.jpg,757189.7785124844,6266842.888770073,0.2844041883945465,0
787,Window_107_189.jpg,757201.76640845,6266840.913248031,0.7536363005638123,0
788,Window_108_189.jpg,757201.736451379,6266840.910457342,0.7584744691848755,0
789,Window_123_189.jpg,757242.5134376353,6266844.55094774,0.6477289199829102,0
790,Window_124_189.jpg,757242.5080249375,6266844.543041556,0.5377020239830017,0
791,Window_155_189.jpg,757322.9206026262,6266842.822581499,0.6768509745597839,0
792,Window_156_189.jpg,757323.0321509307,6266842.819836109,0.5411141514778137,0
793,Window_103_190.jpg,757189.787476725,6266842.923570021,0.5120431780815125,0
794,Window_107_190.jpg,757201.7597628301,6266840.694164752,0.8352056741714478,0
795,Window_108_190.jpg,757201.7439384675,6266840.691811263,0.8523428440093994,0
796,Window_109_190.jpg,757205.9647232955,6266840.063150196,0.26312926411628723,0
797,Window_155_190.jpg,757322.9261297649,6266842.810060612,0.67557293176651,0
798,Window_156_190.jpg,757323.0515871113,6266842.814811959,0.5159704685211182,0
799,Window_107_191.jpg,757201.7305607265,6266840.450453653,0.6737892627716064,0
800,Window_108_191.jpg,757201.711010254,6266840.4513181625,0.6898598670959473,0
801,Window_109_191.jpg,757205.9580916828,6266840.031355961,0.34877249598503113,0
802,Window_110_191.jpg,757205.9866187638,6266839.9959219685,0.33507445454597473,0
803,Window_122_191.jpg,757239.2136359876,6266836.138994365,0.6406704187393188,0
804,Window_123_191.jpg,757239.1937871939,6266836.135762303,0.6421529054641724,0
805,Window_86_192.jpg,757150.028820104,6266835.145433216,0.5677943229675293,0
806,Window_87_192.jpg,757150.040344066,6266835.095561712,0.39118096232414246,0
807,Window_88_192.jpg,757153.8611514037,6266834.032761424,0.43733879923820496,0
808,Window_89_192.jpg,757153.8753815657,6266834.003509848,0.46781444549560547,0
809,Window_122_192.jpg,757239.2334050601,6266836.142497032,0.7193455100059509,0
810,Window_123_192.jpg,757239.2051817393,6266836.143970757,0.7457261681556702,0
811,Window_124_192.jpg,757244.6471226877,6266835.34343031,0.4397139549255371,0
812,Window_125_192.jpg,757244.6734625762,6266835.357988446,0.4169566035270691,0
813,Window_87_193.jpg,757152.4228555625,6266831.523019045,0.6998054385185242,0
814,Window_88_193.jpg,757152.4051225847,6266831.524025469,0.726517915725708,0
815,Window_89_193.jpg,757153.8823271459,6266834.000029235,0.5439046621322632,0
816,Window_124_193.jpg,757244.6194267934,6266835.298610709,0.5720470547676086,0
817,Window_125_193.jpg,757244.6494192546,6266835.319347202,0.5248865485191345,0
818,Window_87_194.jpg,757152.4149940079,6266831.535653441,0.7080264687538147,0
819,Window_88_194.jpg,757152.400275684,6266831.536844044,0.7381110787391663,0
820,Window_140_194.jpg,757280.9853336876,6266832.108095183,0.2774030864238739,0
821,Window_141_194.jpg,757287.6511228746,6266829.380030303,0.5556139349937439,0
822,Window_142_194.jpg,757287.6349659925,6266829.414674609,0.6217716932296753,0
823,Window_87_195.jpg,757150.9655085867,6266826.453270583,0.6216232180595398,0
824,Window_88_195.jpg,757151.0428050263,6266826.43434283,0.7364106178283691,0
825,Window_142_195.jpg,757287.6364462739,6266829.42086783,0.6534323692321777,0
826,Window_82_196.jpg,757139.2006111806,6266827.982736106,0.3814805746078491,0
827,Window_83_196.jpg,757142.6322845286,6266823.3128985455,0.3051023483276367,0
828,Window_86_196.jpg,757150.6124875611,6266826.449673443,0.30822622776031494,0
829,Window_87_196.jpg,757150.9803820318,6266826.434722363,0.6930049061775208,0
830,Window_88_196.jpg,757151.0795531338,6266826.434261917,0.7998533248901367,0
831,Window_131_196.jpg,757260.5259353584,6266827.997944436,0.3687346279621124,0
832,Window_138_196.jpg,757277.8302318519,6266824.836855202,0.562133252620697,0
833,Window_113_197.jpg,757217.9973680442,6266823.541589498,0.25029078125953674,0
834,Window_115_198.jpg,757218.6594856074,6266821.701218753,0.31275248527526855,0
835,Window_139_199.jpg,757283.1061879462,6266817.905275195,0.46699047088623047,0
836,Window_140_199.jpg,757283.4004110759,6266817.866291969,0.6883499622344971,0
837,Window_141_199.jpg,757283.5264922222,6266817.856787114,0.7775417566299438,0
838,Window_58_200.jpg,757079.356712467,6266813.496106534,0.730595588684082,0
839,Window_59_200.jpg,757079.3865747666,6266813.498321741,0.7165524363517761,0
840,Window_139_200.jpg,757283.1033701366,6266817.869199186,0.5038533806800842,0
841,Window_140_200.jpg,757283.3865810102,6266817.850621647,0.7923374176025391,0
842,Window_141_200.jpg,757283.5198760321,6266817.838771834,0.7813922166824341,0
843,Window_59_201.jpg,757079.4242765671,6266813.408537625,0.7154542207717896,0
844,Window_78_202.jpg,757125.9108873,6266810.278723507,0.3337423801422119,0
845,Window_139_202.jpg,757281.6303510135,6266813.012018918,0.3024294972419739,0
846,Window_142_202.jpg,757285.8918469129,6266812.831613428,0.2545359134674072,0
847,Window_92_203.jpg,757164.8670924371,6266810.291966728,0.35873842239379883,0
848,Window_96_203.jpg,757174.1121176546,6266807.288228839,0.4189502000808716,0
849,Window_97_203.jpg,757174.1003770297,6266807.275661199,0.5074061751365662,0
850,Window_106_203.jpg,757199.208443827,6266806.322100728,0.3499900698661804,0
851,Window_107_203.jpg,757199.2919829404,6266806.31085959,0.38665759563446045,0
852,Window_147_203.jpg,757300.967757172,6266806.965465813,0.3578696548938751,0
853,Window_148_203.jpg,757300.983319479,6266806.954674094,0.4814257025718689,0
854,Window_76_204.jpg,757121.0171728684,6266803.520308702,0.2974366545677185,0
855,Window_96_204.jpg,757173.9085344141,6266804.029696255,0.7817824482917786,0
856,Window_97_204.jpg,757173.8877947172,6266804.026328891,0.7424283027648926,0
857,Window_106_204.jpg,757199.225780732,6266806.359918087,0.46945664286613464,0
858,Window_107_204.jpg,757199.2688580519,6266806.343153982,0.4056602716445923,0
859,Window_148_204.jpg,757300.9846046111,6266806.948801323,0.30732056498527527,0
860,Window_73_205.jpg,757113.3874985306,6266801.871276467,0.3576599657535553,0
861,Window_77_205.jpg,757127.2192785805,6266801.225661903,0.7792441248893738,0
862,Window_78_205.jpg,757127.2057600981,6266801.223676174,0.7474287152290344,0
863,Window_84_205.jpg,757144.113713569,6266802.208658724,0.3823828399181366,0
864,Window_85_205.jpg,757144.1040107524,6266802.198969989,0.41754093766212463,0
865,Window_96_205.jpg,757173.9303130573,6266804.003369479,0.7862425446510315,0
866,Window_97_205.jpg,757173.9036995834,6266804.011451422,0.7844234108924866,0
867,Window_102_205.jpg,757188.8012451595,6266802.775444954,0.5514982342720032,0
868,Window_144_205.jpg,757294.3991703456,6266800.918233066,0.2705298960208893,0
869,Window_147_205.jpg,757302.9545066422,6266802.948471277,0.7779776453971863,0
870,Window_148_205.jpg,757303.0502659744,6266802.945274084,0.8133014440536499,0
871,Window_149_205.jpg,757303.3921625474,6266802.941820293,0.5233620405197144,0
872,Window_73_206.jpg,757113.3908703281,6266801.871227591,0.3096720576286316,0
873,Window_77_206.jpg,757127.2269869512,6266801.259296208,0.7714978456497192,0
874,Window_78_206.jpg,757127.2128616935,6266801.261224716,0.7652011513710022,0
875,Window_85_206.jpg,757146.3603744572,6266801.797605573,0.5303888916969299,0
876,Window_86_206.jpg,757146.2960066563,6266801.783394634,0.546697735786438,0
877,Window_109_206.jpg,757206.2484047478,6266800.007105141,0.4691334366798401,0
878,Window_110_206.jpg,757209.5140946573,6266802.990182626,0.32693612575531006,0
879,Window_111_206.jpg,757209.5481180316,6266802.995926018,0.38520556688308716,0
880,Window_112_206.jpg,757213.9697105354,6266798.678762584,0.34101539850234985,0
881,Window_113_206.jpg,757214.0053629791,6266798.684918254,0.5961039066314697,0
882,Window_145_206.jpg,757294.6831417745,6266798.867922693,0.2502327859401703,0
883,Window_147_206.jpg,757302.9697335428,6266802.883541162,0.5115467309951782,0
884,Window_109_207.jpg,757206.3280386394,6266799.981047108,0.46587061882019043,0
885,Window_110_207.jpg,757206.3328711232,6266799.974944263,0.3122890889644623,0
886,Window_145_207.jpg,757294.6569859153,6266798.813814192,0.3354954123497009,0
887,Window_111_208.jpg,757211.973052091,6266797.927442423,0.5783597826957703,0
888,Window_112_208.jpg,757211.9567796504,6266797.925176925,0.4565458297729492,0
889,Window_70_209.jpg,757109.8678970998,6266792.1201830795,0.7717860341072083,0
890,Window_71_209.jpg,757109.8557794755,6266792.100748687,0.7371971011161804,0
891,Window_71_210.jpg,757109.8500812715,6266792.148976519,0.7762519717216492,0
892,Window_92_210.jpg,757165.4671201771,6266790.031454234,0.31644803285598755,0
893,Window_116_210.jpg,757221.0659765741,6266788.9182257345,0.565754234790802,0
894,Window_92_211.jpg,757165.4588136738,6266789.998976334,0.42664992809295654,0
895,Window_116_211.jpg,757225.2158097094,6266786.702751487,0.8077143430709839,0
896,Window_117_211.jpg,757225.1971905595,6266786.695207327,0.8187543153762817,0
897,Window_123_211.jpg,757240.1312874919,6266786.02842149,0.3582584261894226,0
898,Window_90_212.jpg,757159.4763577646,6266783.510915904,0.3569236993789673,0
899,Window_91_212.jpg,757159.4980071401,6266783.513706296,0.33680495619773865,0
900,Window_92_212.jpg,757164.1833890146,6266785.398832827,0.7263668179512024,0
901,Window_93_212.jpg,757164.1592252916,6266785.403566032,0.7451943159103394,0
902,Window_101_212.jpg,757185.0231987899,6266785.4257383635,0.4513092637062073,0
903,Window_116_212.jpg,757225.2044681376,6266786.726103394,0.7897285223007202,0
904,Window_117_212.jpg,757225.1891828245,6266786.712929129,0.8310589790344238,0
905,Window_90_213.jpg,757159.5364645785,6266783.508447527,0.27513447403907776,0
906,Window_92_213.jpg,757164.2531535691,6266785.372937999,0.6740900278091431,0
907,Window_93_213.jpg,757164.2267272538,6266785.386711272,0.6245048642158508,0
908,Window_91_214.jpg,757159.7473712927,6266779.720256596,0.337770938873291,0
909,Window_92_214.jpg,757163.1892584926,6266781.990122988,0.5909402370452881,0
910,Window_120_214.jpg,757234.2000488108,6266780.44224736,0.30559787154197693,0
911,Window_90_215.jpg,757159.7221908635,6266779.733279093,0.314844012260437,0
912,Window_91_215.jpg,757159.7448801165,6266779.72676736,0.4133022725582123,0
913,Window_92_215.jpg,757164.5471779173,6266777.466624348,0.7904388308525085,0
914,Window_93_215.jpg,757164.5800874298,6266777.47713682,0.7710587382316589,0
915,Window_103_215.jpg,757191.0442153281,6266777.488810389,0.38339754939079285,0
916,Window_104_215.jpg,757191.0937051391,6266777.495372563,0.2779436707496643,0
917,Window_67_216.jpg,757102.273862428,6266775.821866064,0.3075195550918579,0
918,Window_68_216.jpg,757102.3017618721,6266775.818600773,0.3879578709602356,0
919,Window_72_216.jpg,757114.8008979028,6266774.313129454,0.42641976475715637,0
920,Window_73_216.jpg,757114.7936207717,6266774.326747029,0.3394336402416229,0
921,Window_92_216.jpg,757164.5551410979,6266777.46803154,0.8011471033096313,0
922,Window_93_216.jpg,757164.5675108498,6266777.459501668,0.7640873789787292,0
923,Window_103_216.jpg,757191.039941377,6266777.495649575,0.49124178290367126,0
924,Window_104_216.jpg,757191.1249582758,6266777.459517836,0.5579725503921509,0
925,Window_67_217.jpg,757098.4755967101,6266775.231517001,0.2998214364051819,0
926,Window_69_217.jpg,757108.0296329325,6266772.207638591,0.7823857665061951,0
927,Window_70_217.jpg,757108.2468544608,6266772.218677967,0.8137958645820618,0
928,Window_71_217.jpg,757108.4643861568,6266772.255872755,0.7878174185752869,0
929,Window_72_217.jpg,757114.7721821731,6266774.326370626,0.3415147066116333,0
930,Window_69_218.jpg,757108.0298776096,6266772.194566249,0.7697323560714722,0
931,Window_70_218.jpg,757108.2515320843,6266772.199217348,0.814057469367981,0
932,Window_71_218.jpg,757108.461043193,6266772.195042937,0.7921185493469238,0
933,Window_115_218.jpg,757218.4941937318,6266769.679723947,0.6622840762138367,0
934,Window_127_218.jpg,757248.4930581329,6266769.863991111,0.2545500695705414,0
935,Window_105_219.jpg,757194.837113983,6266769.031582593,0.33589139580726624,0
936,Window_115_219.jpg,757218.492799039,6266769.706114798,0.6668896079063416,0
937,Window_127_219.jpg,757248.5058956323,6266769.900625764,0.3698138892650604,0
938,Window_90_220.jpg,757159.9731854266,6266764.358682602,0.29519855976104736,0
939,Window_91_220.jpg,757160.0204382008,6266764.362725287,0.3926137685775757,0
940,Window_112_220.jpg,757213.3746973341,6266765.2486732295,0.2651948928833008,0
941,Window_113_220.jpg,757217.5622341698,6266764.8645677855,0.7324233055114746,0
942,Window_114_220.jpg,757217.5568707949,6266764.866650968,0.7556192278862,0
943,Window_90_221.jpg,757155.9790719589,6266761.167624562,0.5655611157417297,0
944,Window_91_221.jpg,757160.0204107827,6266764.401605695,0.4588746130466461,0
945,Window_113_221.jpg,757217.5477061337,6266764.910567968,0.7090902924537659,0
946,Window_114_221.jpg,757217.5396587616,6266764.921088188,0.7111925482749939,0
947,Window_115_221.jpg,757218.9053638196,6266763.030340939,0.47681325674057007,0
948,Window_118_221.jpg,757229.2378017968,6266762.402663498,0.27538028359413147,0
949,Window_66_222.jpg,757095.9145152671,6266759.171318381,0.6012120246887207,0
950,Window_89_222.jpg,757153.6448854497,6266760.1277133515,0.34145617485046387,0
951,Window_90_222.jpg,757155.9591044402,6266761.206863939,0.34588778018951416,0
952,Window_92_222.jpg,757164.9963066643,6266760.448748737,0.6388103365898132,0
953,Window_93_222.jpg,757165.0074464744,6266760.438699692,0.699344277381897,0
954,Window_94_222.jpg,757166.4345467752,6266758.588020175,0.593683123588562,0
955,Window_114_222.jpg,757218.9514148897,6266762.908388588,0.6500688195228577,0
956,Window_115_222.jpg,757218.9762801593,6266762.909205842,0.5948445796966553,0
957,Window_118_222.jpg,757229.2213762468,6266762.400020032,0.3436819612979889,0
958,Window_132_222.jpg,757264.441214866,6266758.969131081,0.7202407121658325,0
959,Window_133_222.jpg,757264.4299967503,6266758.958092897,0.7144665718078613,0
960,Window_66_223.jpg,757095.9134660764,6266759.155281155,0.5316261649131775,0
961,Window_85_223.jpg,757143.4072448602,6266756.927034526,0.33882448077201843,0
962,Window_88_223.jpg,757153.6900851792,6266760.200734033,0.5881752967834473,0
963,Window_89_223.jpg,757153.6741036465,6266760.193543292,0.5419415235519409,0
964,Window_93_223.jpg,757165.0139246052,6266760.401450849,0.5889153480529785,0
965,Window_132_223.jpg,757264.4377557104,6266758.970343142,0.7822350263595581,0
966,Window_133_223.jpg,757264.4241055762,6266758.982056945,0.7512080669403076,0
967,Window_85_224.jpg,757143.4176043803,6266756.977972954,0.279671311378479,0
968,Window_135_224.jpg,757268.4383177487,6266755.107094019,0.39600270986557007,0
969,Window_63_225.jpg,757092.0244512623,6266753.106291561,0.7901102304458618,0
970,Window_64_225.jpg,757092.0583925312,6266753.115408986,0.8027970790863037,0
971,Window_94_225.jpg,757167.8449506229,6266751.670890122,0.392347514629364,0
972,Window_100_225.jpg,757185.6067220038,6266754.635300829,0.2728481888771057,0
973,Window_133_225.jpg,757266.0413745707,6266751.01856169,0.6912715435028076,0
974,Window_134_225.jpg,757266.1441146126,6266751.015394895,0.6162452101707458,0
975,Window_63_226.jpg,757092.0067686504,6266752.978262573,0.5541111826896667,0
976,Window_64_226.jpg,757092.019866026,6266752.978386867,0.5885865092277527,0
977,Window_68_226.jpg,757101.1444367385,6266750.12491849,0.3543453514575958,0
978,Window_84_226.jpg,757141.2569450503,6266748.894634514,0.4125983417034149,0
979,Window_94_226.jpg,757167.8563591009,6266751.693774878,0.4467710852622986,0
980,Window_133_226.jpg,757266.1100683277,6266750.916154652,0.73964524269104,0
981,Window_134_226.jpg,757266.1520367032,6266750.89636442,0.7833925485610962,0
982,Window_48_227.jpg,757054.190824098,6266746.622965901,0.3404407501220703,0
983,Window_63_227.jpg,757092.7046481436,6266746.769536703,0.785673975944519,0
984,Window_64_227.jpg,757092.7279122835,6266746.754867106,0.7526309490203857,0
985,Window_67_227.jpg,757101.0934085315,6266750.09775669,0.45535361766815186,0
986,Window_68_227.jpg,757101.1339715039,6266750.114727288,0.34477534890174866,0
987,Window_98_227.jpg,757179.7105315989,6266746.027451127,0.46751174330711365,0
988,Window_99_227.jpg,757179.6939311093,6266746.025069623,0.3867306709289551,0
989,Window_134_227.jpg,757268.8061163491,6266747.597285478,0.5969826579093933,0
990,Window_48_228.jpg,757054.1751254266,6266746.645268469,0.3597418963909149,0
991,Window_58_228.jpg,757075.9723425014,6266743.550051122,0.2572862207889557,0
992,Window_63_228.jpg,757092.6953349179,6266746.811064749,0.7704711556434631,0
993,Window_64_228.jpg,757092.7363509601,6266746.761796295,0.7366585731506348,0
994,Window_99_228.jpg,757179.7209765678,6266745.951366543,0.4845843017101288,0
995,Window_132_228.jpg,757263.7723753517,6266747.790769382,0.2752942442893982,0
996,Window_134_228.jpg,757268.8038469022,6266747.628051422,0.6442528963088989,0
997,Window_53_229.jpg,757063.3985371804,6266745.134831711,0.29464706778526306,0
998,Window_66_229.jpg,757098.5683799451,6266742.968983023,0.6459381580352783,0
999,Window_49_230.jpg,757054.8762936061,6266740.131932168,0.28838253021240234,0
1000,Window_66_230.jpg,757098.6277664369,6266742.909102353,0.33404040336608887,0
1001,Window_71_230.jpg,757111.6329059666,6266741.654864966,0.3431342542171478,0
1002,Window_100_230.jpg,757185.0789109534,6266742.3891059,0.37090495228767395,0
1003,Window_101_230.jpg,757184.4727104818,6266738.776254623,0.3049452602863312,0
1004,Window_100_231.jpg,757184.1191119617,6266738.128001957,0.343695729970932,0
1005,Window_65_232.jpg,757098.1136725014,6266736.442822783,0.29210925102233887,0
1006,Window_66_232.jpg,757098.2793322867,6266733.794857829,0.3507465124130249,0
1007,Window_67_232.jpg,757098.4745434402,6266733.731593459,0.5771237015724182,0
1008,Window_69_232.jpg,757103.4929659879,6266733.656074374,0.5852094888687134,0
1009,Window_60_233.jpg,757083.9051110214,6266731.712176769,0.7848370671272278,0
1010,Window_61_233.jpg,757083.9289417779,6266731.712870269,0.7857347130775452,0
1011,Window_66_233.jpg,757098.2712060874,6266733.819674372,0.40279969573020935,0
1012,Window_67_233.jpg,757098.4568140572,6266733.76156938,0.4937162399291992,0
1013,Window_69_233.jpg,757103.4944271399,6266733.671689897,0.5456523299217224,0
1014,Window_70_233.jpg,757109.0757513708,6266731.419692009,0.7417788505554199,0
1015,Window_71_233.jpg,757109.0343444711,6266731.402212053,0.7383604049682617,0
1016,Window_60_234.jpg,757083.9069244927,6266731.697790294,0.7840796709060669,0
1017,Window_61_234.jpg,757083.9379466986,6266731.707552343,0.7630364298820496,0
1018,Window_67_234.jpg,757098.4551721914,6266732.760143138,0.5343579053878784,0
1019,Window_70_234.jpg,757109.081079728,6266731.372161775,0.7751021385192871,0
1020,Window_71_234.jpg,757109.0647681719,6266731.367385953,0.765638530254364,0
1021,Window_73_234.jpg,757113.5103426604,6266729.525327056,0.34655576944351196,0
1022,Window_97_234.jpg,757177.1500069564,6266729.82204464,0.5428741574287415,0
1023,Window_98_234.jpg,757177.1903907424,6266729.817789762,0.48849380016326904,0
1024,Window_71_235.jpg,757111.2841141885,6266727.943355708,0.3379943072795868,0
1025,Window_72_235.jpg,757111.277568779,6266727.942955463,0.3712220788002014,0
1026,Window_73_235.jpg,757113.5110235317,6266729.5179649135,0.28853267431259155,0
1027,Window_74_235.jpg,757116.5913613802,6266729.0679695895,0.2710118591785431,0
1028,Window_97_235.jpg,757177.1523392862,6266729.8425271055,0.6199590563774109,0
1029,Window_98_235.jpg,757177.2035924261,6266729.82433465,0.6595554947853088,0
1030,Window_101_236.jpg,757188.0850679344,6266724.401892095,0.4694038927555084,0
1031,Window_102_236.jpg,757188.3557731574,6266724.361816018,0.519142210483551,0
1032,Window_103_236.jpg,757188.4615803985,6266724.218100279,0.414536714553833,0
1033,Window_125_236.jpg,757243.6382086864,6266723.781765967,0.802937924861908,0
1034,Window_101_237.jpg,757188.0851543611,6266724.439504786,0.4472774565219879,0
1035,Window_102_237.jpg,757188.338019616,6266724.396918683,0.45399659872055054,0
1036,Window_124_237.jpg,757243.6560205286,6266723.827045231,0.5838667750358582,0
1037,Window_125_237.jpg,757243.6553462883,6266723.819810866,0.7587817907333374,0
1038,Window_71_238.jpg,757110.4455507463,6266720.588523715,0.27752432227134705,0
1039,Window_103_238.jpg,757190.4389863377,6266718.563446372,0.5484411120414734,0
1040,Window_63_239.jpg,757092.1484798854,6266718.007163673,0.3406357765197754,0
1041,Window_64_239.jpg,757092.1641678279,6266718.075469702,0.3600432872772217,0
1042,Window_102_239.jpg,757189.285991854,6266720.376840613,0.5336871147155762,0
1043,Window_103_239.jpg,757189.2729948377,6266720.381566702,0.6131427884101868,0
1044,Window_64_240.jpg,757092.1403042143,6266717.951777509,0.31002771854400635,0
1045,Window_122_240.jpg,757238.6451021498,6266713.738728135,0.717397928237915,0
1046,Window_123_240.jpg,757238.6529594949,6266713.722859292,0.789358377456665,0
1047,Window_122_241.jpg,757238.6502081817,6266713.72284603,0.7296413779258728,0
1048,Window_123_241.jpg,757238.6638510143,6266713.714425831,0.7555473446846008,0
1049,Window_123_242.jpg,757238.4748474797,6266709.6143153,0.31415048241615295,0
1050,Window_70_243.jpg,757107.8385647302,6266710.025228231,0.4277018904685974,0
1051,Window_106_246.jpg,757200.0652194684,6266700.328473418,0.6144562363624573,0
1052,Window_107_246.jpg,757200.0710470146,6266700.300751298,0.6818512082099915,0
1053,Window_105_247.jpg,757197.000681824,6266698.009438782,0.532841145992279,0
1054,Window_106_247.jpg,757196.9710325366,6266698.009366362,0.5940937995910645,0
1055,Window_107_247.jpg,757200.1189265316,6266700.231310136,0.3478756248950958,0
1056,Window_88_248.jpg,757153.8841087287,6266695.1792490175,0.6296641826629639,0
1057,Window_105_248.jpg,757196.9890380567,6266697.944826583,0.528193473815918,0
1058,Window_106_248.jpg,757196.9705289518,6266697.948168057,0.525795042514801,0
1059,Window_88_249.jpg,757153.8906384176,6266695.180348164,0.5763499140739441,0
1060,Window_89_249.jpg,757153.8884648224,6266695.177919089,0.6794251203536987,0
1061,Window_101_249.jpg,757186.1165616577,6266690.821710198,0.2708123028278351,0
1062,Window_120_249.jpg,757231.987984023,6266692.443648546,0.2595363259315491,0
1063,Window_120_250.jpg,757231.9931123322,6266692.467066019,0.2846224009990692,0
1064,Window_58_251.jpg,757075.9292842364,6266686.807533174,0.3744752109050751,0
1065,Window_87_251.jpg,757150.5855985647,6266686.079949408,0.6197181940078735,0
1066,Window_88_251.jpg,757155.5817026561,6266686.98259589,0.27653566002845764,0
1067,Window_119_251.jpg,757230.5905223554,6266688.377557217,0.41097649931907654,0
1068,Window_81_252.jpg,757134.9204584127,6266683.476301103,0.48374608159065247,0
1069,Window_83_252.jpg,757143.0886164969,6266686.949112534,0.3043454885482788,0
1070,Window_86_252.jpg,757150.439412362,6266685.950234651,0.6142950654029846,0
1071,Window_87_252.jpg,757150.5531115001,6266685.957776575,0.728405773639679,0
1072,Window_90_252.jpg,757156.8631400084,6266687.396422743,0.5460827350616455,0
1073,Window_103_252.jpg,757190.9651929801,6266687.668323188,0.4129812717437744,0
1074,Window_104_252.jpg,757191.0179443015,6266687.661801024,0.4451918601989746,0
1075,Window_79_253.jpg,757131.0580456918,6266680.820349424,0.41650110483169556,0
1076,Window_80_253.jpg,757134.9660805529,6266683.482204645,0.4073948860168457,0
1077,Window_81_253.jpg,757134.9421884781,6266683.491858511,0.3869216740131378,0
1078,Window_89_254.jpg,757153.3882557703,6266680.10036078,0.2564939260482788,0
1079,Window_114_254.jpg,757219.5285583204,6266678.576299517,0.81859290599823,0
1080,Window_115_254.jpg,757219.5054728454,6266678.573754995,0.8381367921829224,0
1081,Window_78_255.jpg,757127.5209320253,6266678.54267311,0.42353928089141846,0
1082,Window_84_255.jpg,757145.5212814277,6266676.21807602,0.31540846824645996,0
1083,Window_92_255.jpg,757160.8984847283,6266680.217601663,0.2662378251552582,0
1084,Window_98_255.jpg,757180.5965513652,6266676.807907789,0.3314090371131897,0
1085,Window_114_255.jpg,757219.4901464051,6266678.534394174,0.846632182598114,0
1086,Window_115_255.jpg,757219.4693986988,6266678.541136949,0.8524980545043945,0
1087,Window_116_255.jpg,757222.1387240952,6266678.082690208,0.6084975004196167,0
1088,Window_117_255.jpg,757223.6624302259,6266680.455147761,0.2753567695617676,0
1089,Window_98_256.jpg,757180.6067908471,6266676.773827492,0.35413092374801636,0
1090,Window_99_256.jpg,757180.7882241076,6266676.742341041,0.48052456974983215,0
1091,Window_100_256.jpg,757181.129133693,6266675.545505553,0.5271139144897461,0
1092,Window_71_257.jpg,757112.7864587968,6266674.409922033,0.5939455032348633,0
1093,Window_72_257.jpg,757112.7681659823,6266674.419878094,0.6491243243217468,0
1094,Window_97_257.jpg,757174.8018590277,6266670.936344235,0.5838615298271179,0
1095,Window_99_257.jpg,757181.120274133,6266675.47458016,0.32029101252555847,0
1096,Window_100_257.jpg,757181.1269437065,6266675.460409584,0.25251632928848267,0
1097,Window_51_258.jpg,757058.4173143012,6266668.855252831,0.4913844168186188,0
1098,Window_75_258.jpg,757118.381271177,6266671.869650154,0.30790138244628906,0
1099,Window_93_258.jpg,757163.6422120323,6266668.766706853,0.5793771743774414,0
1100,Window_96_258.jpg,757174.9891713923,6266670.631720989,0.5092910528182983,0
1101,Window_63_259.jpg,757088.4865997648,6266666.105482548,0.7232712507247925,0
1102,Window_92_259.jpg,757163.6251569455,6266668.810286938,0.5094589591026306,0
1103,Window_93_259.jpg,757163.6436600899,6266668.819251328,0.6097561120986938,0
1104,Window_95_259.jpg,757170.6328052944,6266665.89223054,0.25807446241378784,0
1105,Window_96_259.jpg,757174.9701068467,6266670.46980689,0.6216815710067749,0
1106,Window_59_260.jpg,757078.4007153204,6266665.66479352,0.3296051621437073,0
1107,Window_62_260.jpg,757089.2959041065,6266663.895339041,0.7631980776786804,0
1108,Window_63_260.jpg,757089.2825734532,6266663.887713819,0.7883808612823486,0
1109,Window_82_260.jpg,757136.4598448491,6266665.26484695,0.38669562339782715,0
1110,Window_62_261.jpg,757089.3180019325,6266663.876174509,0.7748255729675293,0
1111,Window_63_261.jpg,757089.286871097,6266663.871830224,0.7532293796539307,0
1112,Window_89_261.jpg,757154.4870192474,6266664.107040732,0.2643935978412628,0
1113,Window_89_263.jpg,757154.573108769,6266656.378295391,0.4749835133552551,0
1114,Window_114_263.jpg,757218.2442083126,6266659.74511434,0.6368412375450134,0
1115,Window_58_264.jpg,757078.5238585537,6266657.2282787105,0.2738162875175476,0
1116,Window_64_264.jpg,757090.9948279439,6266653.911474316,0.26196250319480896,0
1117,Window_89_264.jpg,757154.6382886833,6266656.418694674,0.28444942831993103,0
1118,Window_95_264.jpg,757173.1112352675,6266655.380511849,0.29425477981567383,0
1119,Window_58_265.jpg,757080.601090855,6266652.142047255,0.35163453221321106,0
1120,Window_60_265.jpg,757080.9789752504,6266652.3362713745,0.4428357779979706,0
1121,Window_64_265.jpg,757090.9897466479,6266653.925648748,0.2565229535102844,0
1122,Window_90_265.jpg,757160.3974345988,6266652.192182808,0.5571449398994446,0
1123,Window_46_266.jpg,757049.4881353443,6266648.541783958,0.39084792137145996,0
1124,Window_58_266.jpg,757080.609817273,6266652.1655077925,0.42625465989112854,0
1125,Window_90_266.jpg,757160.4049385255,6266652.1971784225,0.6113173961639404,0
1126,Window_91_266.jpg,757160.4449888235,6266652.200744941,0.4101458787918091,0
1127,Window_57_267.jpg,757076.5711537665,6266646.965185373,0.7406278252601624,0
1128,Window_58_267.jpg,757076.5524343317,6266646.980686157,0.744260847568512,0
1129,Window_110_267.jpg,757208.0704561537,6266647.4045023015,0.5114833116531372,0
1130,Window_111_267.jpg,757209.074227429,6266646.760331362,0.5145477652549744,0
1131,Window_56_268.jpg,757071.9266914492,6266645.349598496,0.34844720363616943,0
1132,Window_57_268.jpg,757076.5728316372,6266646.990785717,0.6958974003791809,0
1133,Window_58_268.jpg,757076.5398049271,6266647.01031354,0.7076792120933533,0
1134,Window_110_268.jpg,757208.0702731675,6266647.426982193,0.42911607027053833,0
1135,Window_55_269.jpg,757071.9409102863,6266645.381429854,0.5316547155380249,0
1136,Window_56_269.jpg,757071.9159206664,6266645.358656689,0.37002062797546387,0
1137,Window_84_269.jpg,757141.0359647227,6266641.081327169,0.5337115526199341,0
1138,Window_55_270.jpg,757069.9894621139,6266640.4166143825,0.6259431838989258,0
1139,Window_87_270.jpg,757150.9378153747,6266639.128738611,0.5147370100021362,0
1140,Window_88_270.jpg,757150.9848783081,6266639.103220074,0.6784476041793823,0
1141,Window_105_270.jpg,757195.9687647885,6266639.168901413,0.471720427274704,0
1142,Window_55_271.jpg,757069.9326545661,6266640.362658768,0.5685120820999146,0
1143,Window_88_271.jpg,757150.9994814834,6266639.1320816865,0.7043996453285217,0
1144,Window_105_271.jpg,757195.9883204764,6266639.154594063,0.671852171421051,0
1145,Window_106_271.jpg,757196.0371746225,6266639.15873137,0.6152235865592957,0
1146,Window_69_272.jpg,757107.8152529066,6266635.675144165,0.2953687310218811,0
1147,Window_84_272.jpg,757141.0463904133,6266635.280791192,0.35009336471557617,0
1148,Window_105_272.jpg,757197.9104570216,6266635.217115252,0.46584072709083557,0
1149,Window_106_272.jpg,757197.9543418353,6266635.188788741,0.40860164165496826,0
1150,Window_82_273.jpg,757139.4030443495,6266631.815832227,0.7729347944259644,0
1151,Window_83_273.jpg,757139.3872971749,6266631.821499138,0.7646939754486084,0
1152,Window_105_273.jpg,757197.9209697908,6266635.251525796,0.6098589897155762,0
1153,Window_106_273.jpg,757197.9511774248,6266635.233659676,0.6798357963562012,0
1154,Window_68_274.jpg,757100.9299786678,6266630.0125539,0.2540246844291687,0
1155,Window_82_274.jpg,757139.3802068299,6266631.768621623,0.7989761233329773,0
1156,Window_83_274.jpg,757139.3695484018,6266631.774920641,0.7594671845436096,0
1157,Window_52_275.jpg,757065.0665975278,6266630.352423086,0.47451096773147583,0
1158,Window_53_275.jpg,757065.0400500661,6266630.334268405,0.5872830748558044,0
1159,Window_71_275.jpg,757111.9905034369,6266630.387020993,0.25543540716171265,0
1160,Window_82_275.jpg,757135.9003576832,6266626.214193075,0.3222653567790985,0
1161,Window_43_276.jpg,757041.1101675695,6266623.621558516,0.266531378030777,0
1162,Window_44_276.jpg,757041.0762721775,6266623.617175489,0.6087567210197449,0
1163,Window_55_276.jpg,757068.4517925708,6266623.342196017,0.26296982169151306,0
1164,Window_44_277.jpg,757041.0687870448,6266623.612626015,0.6081993579864502,0
1165,Window_55_277.jpg,757068.4518019771,6266623.242199688,0.5638436675071716,0
1166,Window_68_278.jpg,757105.5864769882,6266620.02472934,0.42872315645217896,0
1167,Window_102_278.jpg,757187.7719750172,6266621.0817163875,0.3714182376861572,0
1168,Window_68_279.jpg,757105.5953896707,6266620.040821104,0.2520744800567627,0
1169,Window_80_280.jpg,757135.1941833561,6266614.033361643,0.7212050557136536,0
1170,Window_81_280.jpg,757135.1785681313,6266614.021118253,0.7321836352348328,0
1171,Window_80_281.jpg,757135.1803470319,6266613.984294801,0.6905922889709473,0
1172,Window_81_281.jpg,757135.1604736513,6266613.962821036,0.7326627969741821,0
1173,Window_97_281.jpg,757174.5727463728,6266611.18648675,0.5509222745895386,0
1174,Window_98_281.jpg,757177.7954799598,6266610.806958645,0.3041266202926636,0
1175,Window_81_282.jpg,757136.9772059387,6266610.0126173785,0.4293975830078125,0
1176,Window_82_282.jpg,757137.0119666969,6266610.008469789,0.6427887082099915,0
1177,Window_96_282.jpg,757174.5342794722,6266611.19758126,0.6582973599433899,0
1178,Window_97_282.jpg,757174.4730470991,6266611.205498098,0.6259466409683228,0
1179,Window_98_282.jpg,757177.8242083555,6266610.610567897,0.6120855212211609,0
1180,Window_81_283.jpg,757136.9812894529,6266609.996036558,0.32805266976356506,0
1181,Window_82_283.jpg,757137.0215263134,6266610.00579369,0.5386962294578552,0
1182,Window_98_283.jpg,757177.8192449277,6266610.485654051,0.3872368335723877,0
1183,Window_70_284.jpg,757107.2543536788,6266605.487354963,0.47525832056999207,0
1184,Window_48_285.jpg,757052.6800007289,6266602.803154259,0.6009707450866699,0
1185,Window_50_285.jpg,757056.2059623664,6266602.589948743,0.47084730863571167,0
1186,Window_36_286.jpg,757022.1820600992,6266598.4449460795,0.32820701599121094,0
1187,Window_47_286.jpg,757052.6458275979,6266602.767334103,0.26378270983695984,0
1188,Window_48_286.jpg,757052.6683103209,6266602.7922687745,0.5141120553016663,0
1189,Window_49_286.jpg,757056.7830849355,6266599.260769754,0.5020709037780762,0
1190,Window_49_287.jpg,757056.7259306377,6266599.286312132,0.2555167078971863,0
1191,Window_50_287.jpg,757059.4014281696,6266598.145889013,0.38095954060554504,0
1192,Window_34_288.jpg,757020.3894052571,6266595.23595181,0.25828322768211365,0
1193,Window_34_289.jpg,757020.4089880651,6266595.309782854,0.2693946659564972,0
1194,Window_35_289.jpg,757020.4907769626,6266595.358921631,0.3342627286911011,0
1195,Window_69_289.jpg,757103.5227225078,6266593.85876131,0.268787682056427,0
1196,Window_33_292.jpg,757013.4912333181,6266584.9301293185,0.33717212080955505,0
1197,Window_51_292.jpg,757062.9355976647,6266585.631923943,0.6855801343917847,0
1198,Window_52_292.jpg,757063.0145310527,6266585.616947084,0.7569563388824463,0
1199,Window_68_292.jpg,757104.427868492,6266587.587840303,0.4639022946357727,0
1200,Window_69_292.jpg,757104.42138224,6266587.597241632,0.4448417127132416,0
1201,Window_79_292.jpg,757133.0661470359,6266584.166767566,0.5715458989143372,0
1202,Window_80_292.jpg,757133.0732899075,6266584.106747775,0.3340696692466736,0
1203,Window_32_293.jpg,757013.3782691425,6266584.922071739,0.2836042642593384,0
1204,Window_51_293.jpg,757062.6319325631,6266581.519890397,0.7615180611610413,0
1205,Window_52_293.jpg,757062.6505073076,6266581.509608596,0.7468695640563965,0
1206,Window_66_293.jpg,757098.468823499,6266583.07258126,0.6966139674186707,0
1207,Window_67_293.jpg,757098.5563497534,6266583.040485947,0.42301687598228455,0
1208,Window_78_293.jpg,757129.8692891663,6266581.978265314,0.6707347631454468,0
1209,Window_79_293.jpg,757129.8847582107,6266581.97487381,0.5691237449645996,0
1210,Window_51_294.jpg,757062.622626788,6266581.461186974,0.7417107820510864,0
1211,Window_52_294.jpg,757062.6470019585,6266581.46693018,0.7768018841743469,0
1212,Window_59_294.jpg,757078.4052826008,6266579.402404397,0.3949863612651825,0
1213,Window_69_294.jpg,757107.5578338569,6266579.799581437,0.4029524624347687,0
1214,Window_70_294.jpg,757107.5771196848,6266579.789771407,0.7128617763519287,0
1215,Window_79_294.jpg,757129.8699542051,6266581.981885253,0.722676694393158,0
1216,Window_59_295.jpg,757078.4015735155,6266579.448267638,0.49184003472328186,0
1217,Window_52_297.jpg,757064.120219416,6266575.196478336,0.36914584040641785,0
1218,Window_67_298.jpg,757100.780812866,6266568.856823414,0.5521657466888428,0
1219,Window_67_299.jpg,757100.7827181285,6266568.860793381,0.42810696363449097,0
1220,Window_28_300.jpg,757000.9005897874,6266563.884819119,0.2606671452522278,0
1221,Window_30_300.jpg,757006.0082569635,6266563.7541478565,0.513559877872467,0
1222,Window_25_302.jpg,756996.7243129676,6266562.960756986,0.27973008155822754,0
1223,Window_43_312.jpg,757040.5160970157,6266536.0920716515,0.520958662033081,0
1224,Window_59_313.jpg,757081.5908501213,6266531.994921832,0.5326423645019531,0
